FID,IID,rs_toy_000001,rs_toy_000002,rs_toy_000003,rs_toy_000004,rs_toy_000005,rs_toy_000006,rs_toy_000007,rs_toy_000008,rs_toy_000009,rs_toy_000010,rs_toy_000011,rs_toy_000012,rs_toy_000013,rs_toy_000014,rs_toy_000015,rs_toy_000016,rs_toy_000017,rs_toy_000018,rs_toy_000019,rs_toy_000020,rs_toy_000021,rs_toy_000022,rs_toy_000023,rs_toy_000024,rs_toy_000025,rs_toy_000026,rs_toy_000027,rs_toy_000028,rs_toy_000029,rs_toy_000030,rs_toy_000031,rs_toy_000032,rs_toy_000033,rs_toy_000034,rs_toy_000035,rs_toy_000036,rs_toy_000037,rs_toy_000038,rs_toy_000039,rs_toy_000040,rs_toy_000041,rs_toy_000042,rs_toy_000043,rs_toy_000044,rs_toy_000045,rs_toy_000046,rs_toy_000047,rs_toy_000048,rs_toy_000049,rs_toy_000050,rs_toy_000051,rs_toy_000052,rs_toy_000053,rs_toy_000054,rs_toy_000055,rs_toy_000056,rs_toy_000057,rs_toy_000058,rs_toy_000059,rs_toy_000060,rs_toy_000061,rs_toy_000062,rs_toy_000063,rs_toy_000064,rs_toy_000065,rs_toy_000066,rs_toy_000067,rs_toy_000068,rs_toy_000069,rs_toy_000070,rs_toy_000071,rs_toy_000072,rs_toy_000073,rs_toy_000074,rs_toy_000075,rs_toy_000076,rs_toy_000077,rs_toy_000078,rs_toy_000079,rs_toy_000080,rs_toy_000081,rs_toy_000082,rs_toy_000083,rs_toy_000084,rs_toy_000085,rs_toy_000086,rs_toy_000087,rs_toy_000088,rs_toy_000089,rs_toy_000090,rs_toy_000091,rs_toy_000092,rs_toy_000093,rs_toy_000094,rs_toy_000095,rs_toy_000096,rs_toy_000097,rs_toy_000098,rs_toy_000099,rs_toy_000100,rs_toy_000101,rs_toy_000102,rs_toy_000103,rs_toy_000104,rs_toy_000105,rs_toy_000106,rs_toy_000107,rs_toy_000108,rs_toy_000109,rs_toy_000110,rs_toy_000111,rs_toy_000112,rs_toy_000113,rs_toy_000114,rs_toy_000115,rs_toy_000116,rs_toy_000117,rs_toy_000118,rs_toy_000119,rs_toy_000120,rs_toy_000121,rs_toy_000122,rs_toy_000123,rs_toy_000124,rs_toy_000125,rs_toy_000126,rs_toy_000127,rs_toy_000128,rs_toy_000129,rs_toy_000130,rs_toy_000131,rs_toy_000132,rs_toy_000133,rs_toy_000134,rs_toy_000135,rs_toy_000136,rs_toy_000137,rs_toy_000138,rs_toy_000139,rs_toy_000140,rs_toy_000141,rs_toy_000142,rs_toy_000143,rs_toy_000144,rs_toy_000145,rs_toy_000146,rs_toy_000147,rs_toy_000148,rs_toy_000149,rs_toy_000150,rs_toy_000151,rs_toy_000152,rs_toy_000153,rs_toy_000154,rs_toy_000155,rs_toy_000156,rs_toy_000157,rs_toy_000158,rs_toy_000159,rs_toy_000160,rs_toy_000161,rs_toy_000162,rs_toy_000163,rs_toy_000164,rs_toy_000165,rs_toy_000166,rs_toy_000167,rs_toy_000168,rs_toy_000169,rs_toy_000170,rs_toy_000171,rs_toy_000172,rs_toy_000173,rs_toy_000174,rs_toy_000175,rs_toy_000176,rs_toy_000177,rs_toy_000178,rs_toy_000179,rs_toy_000180,rs_toy_000181,rs_toy_000182,rs_toy_000183,rs_toy_000184,rs_toy_000185,rs_toy_000186,rs_toy_000187,rs_toy_000188,rs_toy_000189,rs_toy_000190,rs_toy_000191,rs_toy_000192,rs_toy_000193,rs_toy_000194,rs_toy_000195,rs_toy_000196,rs_toy_000197,rs_toy_000198,rs_toy_000199,rs_toy_000200
sample_001,sample_001,0,0,1,0,0,1,1,1,1,1,1,0,1,0,1,0,0,1,2,0,1,1,1,2,1,0,0,1,0,0,0,0,0,2,1,1,0,0,1,0,1,0,0,2,0,1,1,0,2,0,2,0,0,0,1,1,0,1,2,1,0,2,1,1,2,1,0,2,0,1,0,0,1,0,0,1,2,2,0,0,0,1,0,1,0,0,0,0,0,2,1,2,1,0,0,0,1,0,0,1,0,1,2,1,1,0,0,0,0,0,0,0,1,0,1,1,0,1,1,1,1,0,0,1,0,0,0,0,0,0,0,0,2,0,1,0,1,0,1,0,0,0,0,0,1,0,1,2,0,1,0,1,0,0,0,1,1,1,1,0,0,0,0,0,1,1,2,0,2,0,0,1,0,0,0,0,1,0,2,2,2,0,2,0,0,1,0,0,1,2,0,0,0,0,1,0,0,0,0,1
sample_002,sample_002,1,0,1,0,0,0,0,1,0,1,0,0,0,0,1,0,1,0,1,1,2,0,0,1,0,1,1,0,1,1,2,0,2,1,2,1,1,0,2,1,1,0,0,0,1,0,0,0,0,0,1,0,2,2,0,1,2,0,0,1,0,2,0,0,1,1,0,0,0,1,0,1,0,0,1,1,1,1,0,0,0,0,0,0,1,0,0,0,1,1,1,1,0,0,0,0,0,0,0,1,1,0,1,1,1,0,0,1,0,1,0,0,0,0,0,0,0,0,0,1,1,0,0,1,1,1,0,1,1,0,0,1,1,0,0,0,1,1,1,0,0,0,0,0,1,0,0,0,0,0,1,0,0,1,0,1,1,0,1,0,1,1,0,0,1,0,0,0,1,0,0,0,0,0,0,0,1,1,1,0,0,0,0,0,0,1,1,0,0,2,0,0,0,2,0,0,0,0,0,2
sample_003,sample_003,1,0,1,0,0,2,1,1,0,1,2,1,0,0,1,0,0,0,1,1,1,1,0,0,0,2,1,2,1,0,1,0,2,2,1,1,0,1,1,0,0,0,0,0,0,1,1,1,1,0,1,1,1,0,1,1,1,0,0,1,0,1,1,0,0,1,1,1,0,2,0,0,1,1,0,1,0,1,0,1,0,0,0,1,0,0,0,1,0,2,0,1,0,0,1,0,1,0,1,0,2,1,1,0,0,0,0,0,0,0,0,1,1,2,1,1,1,1,0,0,1,0,0,1,2,0,0,0,0,2,1,2,1,0,1,1,1,0,2,0,0,0,1,1,1,0,1,0,2,1,1,0,0,1,0,0,1,0,1,0,1,0,0,0,0,0,0,1,2,0,0,0,0,0,0,2,2,1,0,0,0,2,1,0,0,2,1,0,0,1,0,0,0,1,0,0,0,0,0,1
sample_004,sample_004,1,0,1,0,0,0,1,1,0,0,0,0,0,1,0,0,1,0,1,2,0,0,0,2,0,2,0,0,0,2,0,0,0,0,1,0,0,1,2,0,1,0,1,0,1,1,1,0,1,0,1,0,0,0,0,1,1,1,0,1,0,1,0,0,1,1,0,0,1,0,0,1,0,0,1,0,1,1,0,1,0,1,1,0,1,0,0,2,0,1,0,0,1,0,0,0,1,0,0,0,0,0,1,0,0,0,1,1,0,1,1,0,1,1,1,1,0,0,0,2,0,0,0,0,1,0,1,0,0,0,1,1,2,0,2,0,0,0,0,0,1,1,2,0,1,0,1,0,1,0,1,0,0,1,0,0,1,0,0,0,1,0,0,0,1,0,0,0,2,0,0,0,0,0,0,0,1,0,1,0,0,0,0,0,0,1,0,0,1,0,0,0,1,0,0,0,0,1,1,1
sample_005,sample_005,2,1,0,0,0,0,0,0,0,1,2,2,0,1,2,1,1,0,1,2,0,0,0,2,1,1,1,1,0,1,1,0,1,1,1,0,0,0,1,0,1,0,1,0,2,0,1,0,1,0,2,1,1,1,1,0,1,1,0,0,0,1,0,2,2,1,0,0,0,2,0,0,1,0,1,2,0,1,0,1,1,1,0,0,0,1,1,1,0,0,1,0,0,0,0,0,1,0,1,1,0,1,1,0,2,0,0,1,0,0,0,0,0,1,0,1,0,0,0,1,1,0,0,0,0,0,2,1,0,1,0,0,0,0,1,1,0,0,1,0,0,0,0,1,0,0,0,1,0,1,2,0,1,1,0,0,2,1,2,0,0,1,0,0,0,0,1,0,1,0,0,0,0,0,1,1,0,1,0,1,0,0,2,1,0,1,1,0,0,0,0,0,2,1,1,1,0,0,0,1
sample_006,sample_006,0,0,2,0,0,0,0,0,0,1,2,0,0,1,0,2,1,0,1,0,1,0,0,1,1,2,0,0,1,0,0,0,0,2,1,0,1,0,0,0,2,0,1,0,2,1,0,0,0,0,2,0,0,0,1,1,1,1,0,1,0,1,0,1,2,0,0,1,0,0,0,1,0,0,2,0,2,2,0,1,1,0,0,2,1,0,0,1,0,1,1,1,0,0,1,0,0,0,0,0,1,1,0,1,0,0,0,1,0,0,2,2,0,1,0,1,0,1,0,0,1,0,0,2,2,0,1,0,0,1,0,2,0,0,1,0,1,0,1,0,0,0,0,2,1,0,0,1,2,0,0,0,0,1,0,1,0,1,0,0,1,0,0,0,0,0,1,0,2,0,0,2,0,0,0,0,0,0,1,0,0,0,0,0,0,0,2,0,1,0,0,0,2,2,0,1,0,1,0,0
sample_007,sample_007,1,1,1,1,0,2,1,1,1,1,0,0,0,1,0,0,1,0,2,0,2,0,0,2,1,1,0,1,0,0,2,1,1,1,1,1,1,0,0,1,1,0,0,0,1,1,0,1,2,0,0,1,0,1,1,1,1,0,0,1,1,0,0,0,0,2,0,1,1,1,0,1,0,0,1,0,2,0,0,0,0,0,0,1,1,1,0,1,0,1,1,2,1,0,1,0,0,1,1,0,0,0,1,0,1,0,1,0,0,0,0,0,1,1,1,0,0,0,0,0,0,0,1,0,1,1,1,0,0,0,0,1,0,0,0,2,0,0,1,1,0,1,1,1,0,0,1,0,1,0,1,0,0,1,0,2,1,0,0,0,0,0,0,0,0,2,1,1,0,0,0,0,0,1,1,0,1,0,0,0,1,0,1,0,0,0,1,0,1,0,0,0,0,0,1,1,0,0,1,0
sample_008,sample_008,0,0,1,2,0,2,0,1,0,1,0,0,0,1,1,0,1,0,0,0,0,0,1,0,0,1,0,2,0,1,0,0,0,1,0,0,0,0,1,0,1,0,1,1,1,2,0,1,1,0,0,0,0,0,2,0,2,1,0,1,1,2,0,2,1,2,1,1,0,1,0,0,1,0,0,0,2,0,0,1,1,0,0,1,1,0,1,1,1,2,2,0,2,0,0,0,0,0,0,1,0,1,0,0,0,0,1,0,0,1,0,0,0,2,1,0,1,1,0,0,0,1,0,0,1,0,1,1,1,0,0,2,1,0,0,1,2,0,2,0,0,1,0,2,0,0,0,0,1,2,2,0,1,0,0,0,1,0,1,0,0,0,0,1,2,0,1,1,1,0,0,1,0,1,0,0,1,0,1,0,0,0,1,0,1,2,1,0,0,0,0,0,1,2,1,0,0,0,0,1
sample_009,sample_009,1,0,1,1,0,1,0,0,0,0,1,1,0,0,1,0,0,0,1,0,0,0,0,0,0,1,1,1,1,1,0,1,0,0,1,0,0,0,2,0,1,1,0,0,0,2,0,1,1,0,0,2,1,1,0,1,1,0,0,2,0,1,2,2,1,0,0,0,0,1,1,1,2,1,2,1,1,1,0,0,0,2,0,1,0,1,0,0,0,1,1,1,0,0,0,0,2,0,1,1,0,1,1,1,0,0,0,1,0,0,1,1,0,0,0,0,0,0,0,1,0,0,0,1,2,0,0,1,0,1,0,0,2,0,0,2,1,0,1,1,0,0,0,0,0,0,0,0,1,1,0,0,0,2,1,2,0,0,1,1,1,0,0,0,1,2,1,0,1,1,2,1,0,0,0,1,0,1,1,0,1,0,1,0,1,1,2,1,0,1,0,0,0,0,0,0,0,0,0,0
sample_010,sample_010,1,1,0,0,0,1,0,1,0,0,1,0,0,1,0,1,2,0,0,2,1,0,1,2,0,1,0,0,0,2,1,0,0,1,0,0,1,0,0,1,0,0,1,0,1,1,1,0,1,0,1,0,1,1,0,2,1,0,0,2,0,1,0,1,1,1,1,0,1,1,0,0,0,0,0,0,1,1,0,0,0,1,0,1,1,1,0,0,0,1,0,0,0,0,0,0,0,1,1,0,1,1,1,0,2,0,0,1,0,1,2,0,2,1,0,1,0,0,0,0,1,1,0,1,0,1,1,0,1,1,0,1,0,0,0,1,0,1,0,0,0,1,1,0,1,0,0,0,0,1,0,1,0,0,1,1,1,1,0,0,1,0,0,0,0,1,0,1,0,0,0,2,0,0,0,0,1,0,1,0,0,0,1,0,1,1,1,2,1,0,0,0,0,0,0,1,0,1,1,1
sample_011,sample_011,1,0,2,0,0,0,0,1,0,0,0,1,0,0,0,1,1,0,0,1,0,1,2,1,1,1,2,1,1,1,0,1,0,0,1,0,0,2,1,1,1,0,0,0,0,0,1,0,1,0,0,0,0,1,1,0,1,1,0,1,0,1,1,1,1,0,2,0,0,1,1,0,0,0,0,2,1,0,0,2,1,0,0,0,0,0,0,1,0,1,1,1,1,0,1,2,2,2,1,0,0,1,0,0,1,0,0,0,0,0,0,1,1,2,0,1,1,0,0,1,1,1,0,1,1,0,0,0,0,0,0,1,1,0,1,0,1,0,1,1,0,1,0,0,0,0,0,1,1,0,1,0,1,1,0,0,2,0,0,0,2,0,0,0,1,1,1,0,1,1,0,0,1,0,0,1,2,0,0,0,0,1,2,0,0,2,0,0,0,0,0,0,2,1,1,0,1,0,1,1
sample_012,sample_012,1,1,0,1,0,2,1,0,0,1,2,0,0,0,0,0,1,0,0,1,1,0,1,1,1,0,0,0,0,0,0,0,0,1,0,0,0,0,0,0,1,0,0,0,1,2,1,0,1,0,1,0,1,1,2,2,1,1,0,0,0,0,0,1,1,2,0,1,0,2,0,0,0,0,1,0,1,1,0,1,0,0,0,0,0,0,0,1,0,0,2,1,0,0,0,0,0,1,0,1,0,0,1,1,1,0,1,2,0,1,0,0,1,1,1,1,2,0,1,1,1,1,0,0,0,0,0,1,0,0,1,0,0,0,1,0,1,1,1,1,0,1,0,2,1,0,0,0,0,0,1,0,0,1,2,1,1,2,1,1,2,0,0,1,0,0,0,0,0,0,1,1,0,0,0,0,1,2,0,0,0,0,0,0,1,0,0,0,1,0,0,0,0,0,1,0,0,0,0,1
sample_013,sample_013,0,0,1,0,0,1,0,0,0,0,1,0,0,0,1,0,1,1,2,1,2,1,0,0,0,0,1,1,0,2,1,0,0,1,2,0,0,0,1,0,0,0,0,0,0,0,0,0,0,0,2,1,2,0,2,1,0,0,0,1,0,0,0,1,1,1,0,0,0,0,0,0,0,0,1,1,0,1,0,0,0,1,1,1,1,0,0,2,0,0,1,2,0,0,0,0,1,0,0,0,0,0,1,1,0,0,0,1,0,2,1,1,1,0,2,0,1,0,0,1,0,1,0,1,2,1,1,1,0,0,1,0,2,0,0,0,1,0,1,0,0,2,0,0,1,1,0,0,1,1,1,0,0,2,0,0,1,0,0,0,0,0,0,0,2,0,1,0,1,0,0,1,0,1,0,1,1,1,0,1,0,0,2,0,0,1,1,0,0,0,0,1,0,0,0,0,0,0,0,1
sample_014,sample_014,1,0,1,1,0,1,0,2,1,1,1,2,0,1,1,1,2,0,1,2,0,0,1,1,0,1,1,1,1,0,0,0,1,1,0,1,0,0,1,0,2,0,0,2,0,0,0,1,1,1,1,2,0,2,0,1,0,0,0,1,0,0,1,1,1,1,1,1,1,0,0,1,0,0,0,1,1,1,1,0,0,0,0,0,1,0,0,0,0,2,0,0,0,0,0,0,0,0,2,2,0,1,0,1,2,0,1,0,0,1,1,2,1,0,1,0,1,0,1,0,0,0,0,0,1,0,1,1,2,0,0,0,1,0,0,0,0,0,1,0,0,1,1,0,1,0,0,0,1,1,0,0,1,1,1,0,1,0,2,0,1,1,0,0,2,2,0,0,2,0,0,0,0,1,0,0,2,0,0,0,0,0,2,0,0,0,1,0,1,0,0,0,0,1,0,0,0,1,0,1
sample_015,sample_015,0,2,1,1,0,1,0,1,0,1,1,0,0,0,1,0,0,1,1,0,0,1,0,2,1,2,0,1,0,1,0,0,0,1,1,0,0,1,0,0,2,1,0,0,0,0,1,0,1,0,1,1,0,0,1,0,1,1,0,1,0,1,0,1,1,0,0,0,0,2,0,1,1,1,0,1,0,0,0,0,0,1,0,0,1,1,0,0,1,1,0,0,1,0,0,0,1,1,1,1,1,2,1,0,1,0,0,0,0,2,1,1,0,1,1,1,0,1,0,0,1,0,0,1,1,0,1,1,1,0,0,0,0,0,0,1,0,0,1,1,0,1,0,0,1,0,1,0,1,0,1,0,1,0,1,0,1,1,1,2,1,1,0,0,0,2,0,1,0,0,0,0,0,0,0,0,0,0,1,0,0,0,1,0,1,2,0,1,1,1,0,1,1,0,0,0,0,1,0,0
sample_016,sample_016,0,0,2,2,0,2,1,1,0,0,1,1,1,0,0,0,0,0,2,1,1,0,1,1,1,0,2,1,0,1,1,0,1,1,1,2,0,0,0,0,1,0,0,0,0,0,0,1,0,1,1,1,0,0,0,1,1,0,0,1,0,0,1,2,1,0,0,1,0,1,0,0,0,0,0,2,0,1,0,1,1,0,1,0,0,0,0,1,0,1,2,0,0,0,0,0,1,1,1,0,0,1,0,0,0,1,0,0,0,0,0,1,0,0,0,0,0,0,0,0,0,0,0,0,1,1,1,1,0,1,0,2,0,0,1,1,0,0,0,0,0,0,0,0,0,0,1,1,1,1,0,1,0,0,0,1,1,0,1,0,0,0,1,0,0,1,0,0,1,1,0,1,1,0,1,0,0,0,2,0,0,0,1,0,1,2,0,0,0,1,0,0,0,2,1,1,0,0,0,0
sample_017,sample_017,1,1,0,0,0,2,1,1,0,0,1,0,0,0,2,0,0,1,1,0,1,0,0,1,0,1,1,1,0,2,0,0,0,0,2,1,0,0,1,1,2,1,0,0,0,0,1,0,1,0,2,2,0,1,1,1,2,1,0,0,0,1,1,2,1,0,0,1,0,2,0,1,1,1,0,0,0,0,0,1,1,1,0,1,0,0,0,0,0,0,1,1,0,0,0,0,0,0,0,0,0,1,0,0,1,0,0,0,0,2,0,0,1,1,0,0,0,0,0,1,1,0,0,0,0,0,0,0,0,1,0,1,2,0,0,0,0,0,0,1,0,0,0,1,0,0,0,0,1,0,1,0,0,0,1,1,1,0,0,0,0,0,0,0,0,1,0,1,1,0,0,2,0,0,0,0,1,0,1,1,0,0,1,0,1,1,0,1,1,1,0,0,0,1,0,0,0,1,0,1
sample_018,sample_018,0,1,1,0,0,2,1,2,0,2,1,0,0,1,1,0,0,0,0,2,0,1,0,2,0,2,1,1,0,0,1,0,1,0,1,0,0,0,1,0,1,0,1,0,0,1,0,0,0,0,1,0,0,0,1,0,1,1,1,0,1,2,0,2,1,1,1,1,0,0,0,1,0,0,1,0,1,1,0,0,0,1,0,2,0,0,0,0,0,0,1,0,0,1,0,0,1,0,1,0,1,0,1,1,0,0,1,0,0,0,0,0,1,0,2,0,0,1,0,1,0,1,0,1,0,0,1,0,1,1,0,1,1,0,1,1,0,0,0,1,0,0,1,0,1,0,0,0,0,0,1,0,0,0,0,0,0,0,0,0,0,0,0,0,0,0,1,1,0,0,0,1,0,0,0,2,2,0,0,0,1,0,0,0,0,0,0,2,1,0,0,0,0,2,0,1,1,0,0,1
sample_019,sample_019,1,2,0,0,0,0,1,1,1,0,2,0,0,1,0,0,1,0,1,0,1,1,1,0,0,1,1,2,0,0,1,1,2,1,1,0,1,0,2,0,1,0,0,0,1,1,0,0,0,0,2,0,2,1,0,0,1,0,0,0,0,1,1,0,2,0,0,1,0,2,0,0,1,0,2,2,1,0,0,0,0,0,0,2,0,1,0,1,0,1,0,0,2,1,0,0,0,2,0,2,1,1,1,0,0,0,0,1,0,1,0,2,2,0,2,0,1,1,0,1,2,0,0,1,0,1,1,1,0,1,1,0,2,0,1,0,1,0,0,0,0,0,0,2,0,1,0,1,0,1,2,0,1,0,0,1,1,1,2,0,1,1,0,0,1,1,1,1,0,0,0,1,0,0,0,0,0,1,2,0,0,0,1,0,0,0,1,1,0,0,1,0,0,0,1,0,0,0,0,2
sample_020,sample_020,0,0,2,1,0,1,0,1,0,1,1,0,0,0,0,0,1,0,1,1,1,0,0,1,0,0,0,0,1,0,2,0,0,2,1,1,0,1,1,0,2,0,0,1,0,0,0,0,0,0,0,1,1,1,0,0,0,0,0,0,0,1,0,2,1,1,0,2,1,0,0,0,0,1,1,1,1,2,0,0,0,1,0,0,0,0,0,1,1,1,1,2,1,0,0,0,0,0,1,0,0,1,0,0,0,0,1,1,0,0,2,0,1,0,0,0,0,1,1,1,0,1,0,2,0,2,0,2,0,1,0,1,1,0,0,1,1,0,1,0,1,1,0,0,1,0,0,0,2,0,0,1,0,0,1,1,1,1,0,0,2,0,0,1,1,0,1,0,1,0,0,1,0,1,0,0,0,0,1,1,0,0,1,0,0,0,0,1,0,0,0,0,2,2,1,0,0,0,0,0
sample_021,sample_021,0,1,0,1,0,1,0,2,0,0,0,1,0,0,1,0,1,0,0,1,1,1,1,2,0,1,1,2,0,0,0,1,1,0,2,0,0,0,2,0,1,2,1,1,1,0,1,1,0,0,2,1,1,1,1,1,1,0,1,0,0,1,0,1,2,1,1,1,0,2,1,0,0,0,0,0,0,1,0,1,1,2,0,2,2,0,0,0,1,1,1,1,1,0,0,0,1,0,0,1,0,0,0,0,1,0,1,2,1,2,0,0,1,2,1,1,1,1,1,0,1,0,0,1,2,1,1,2,0,1,0,1,1,0,2,0,1,0,2,0,1,0,1,1,0,1,1,0,0,1,1,0,0,0,1,0,1,2,0,0,0,0,1,0,1,0,1,0,0,0,0,2,0,0,0,0,1,1,0,0,1,0,1,0,0,0,0,0,1,0,0,1,2,0,0,0,0,0,0,1
sample_022,sample_022,0,1,0,2,0,1,0,1,0,0,2,2,1,1,1,0,0,1,1,1,1,1,1,0,0,1,0,1,0,1,0,0,1,1,1,1,0,2,2,0,0,0,0,0,0,2,1,0,1,0,1,0,0,2,0,0,1,1,0,0,0,2,0,0,1,1,0,1,0,2,0,1,0,0,0,0,0,0,0,1,2,2,1,1,1,0,1,0,0,0,0,0,1,0,0,0,0,0,0,0,2,0,0,1,0,1,0,1,0,0,2,1,0,0,0,0,0,0,1,0,1,1,0,1,1,0,0,0,0,2,0,2,1,0,1,2,1,0,0,0,0,0,1,1,0,0,1,2,0,0,0,0,1,1,1,0,1,0,0,0,0,0,0,0,0,1,0,0,0,0,0,0,0,0,0,0,0,0,0,0,1,0,2,0,0,0,2,1,1,1,0,0,0,0,0,0,0,0,0,1
sample_023,sample_023,2,0,0,1,0,1,2,1,0,0,2,0,2,0,1,0,0,0,1,1,1,1,0,0,0,1,0,0,0,1,1,1,0,1,0,1,0,0,2,0,1,0,2,1,1,1,0,0,0,1,2,1,0,0,1,0,0,0,0,1,0,1,2,0,1,1,0,1,0,1,0,2,1,0,1,1,0,2,0,0,1,1,0,0,1,0,1,0,0,2,1,2,0,0,1,0,0,0,1,0,0,0,1,0,2,1,0,0,1,1,2,0,1,1,1,0,0,0,1,1,0,0,0,1,2,1,1,0,1,1,0,1,1,0,1,1,0,0,1,0,0,0,0,1,1,1,0,2,1,1,1,1,0,2,0,0,0,0,1,0,0,0,1,1,0,0,1,0,0,0,0,1,1,0,0,0,1,0,2,2,1,0,0,0,2,2,0,0,1,0,0,0,0,0,0,0,0,0,0,2
sample_024,sample_024,1,1,2,1,0,1,0,1,0,1,1,0,0,1,0,0,1,0,1,1,0,1,0,0,0,1,0,0,0,1,0,1,0,2,0,1,0,1,0,0,1,0,0,0,0,1,1,0,1,0,0,1,0,0,1,0,0,1,0,2,0,1,1,0,0,2,0,0,0,1,0,0,1,0,0,0,0,1,0,2,1,0,0,0,1,0,0,1,1,1,1,1,2,1,1,0,0,1,0,1,2,1,0,0,2,0,0,1,0,0,1,0,0,2,0,0,1,1,0,1,0,2,1,0,1,0,1,0,0,2,0,2,2,1,1,0,0,0,1,0,1,1,1,0,1,1,0,0,1,1,0,0,0,1,0,0,1,0,1,0,2,0,0,0,0,2,1,0,1,0,0,0,1,0,0,0,1,2,1,1,0,0,2,1,0,1,0,0,0,1,0,0,1,1,2,1,0,0,0,1
sample_025,sample_025,0,0,1,0,0,1,1,0,0,0,1,2,1,0,1,0,0,0,1,1,0,1,1,0,0,1,2,0,1,0,0,0,2,0,0,0,0,2,1,0,1,0,1,0,1,0,1,0,2,0,2,0,1,1,2,1,1,0,0,2,0,1,1,2,0,1,1,0,0,2,1,0,0,0,0,0,1,1,0,1,1,0,0,0,0,1,1,1,1,0,0,1,2,1,0,0,1,0,0,2,0,1,1,0,0,0,0,0,0,1,0,1,1,2,0,1,1,0,0,0,0,0,1,0,1,0,1,0,0,0,1,1,0,0,1,0,1,0,1,0,1,0,0,1,0,0,0,1,2,0,1,0,0,0,0,0,0,1,1,0,1,2,0,0,0,1,0,0,2,1,0,1,1,0,0,1,2,0,1,0,0,1,2,0,0,0,1,0,1,0,0,0,1,1,1,0,0,0,0,0
sample_026,sample_026,0,1,1,0,0,1,1,0,0,2,1,0,0,0,2,1,1,1,1,2,0,1,0,1,0,0,0,0,0,0,1,0,0,0,1,1,0,0,0,0,1,0,0,1,0,0,0,0,1,0,0,0,0,1,0,0,1,0,0,0,0,1,0,0,1,0,0,0,0,0,0,0,1,1,0,1,1,0,0,0,1,0,0,1,0,0,0,1,1,2,0,1,0,0,0,0,0,0,0,0,0,0,2,1,2,0,0,0,0,0,1,0,0,1,0,0,0,0,1,1,0,1,0,1,1,0,2,1,1,0,1,2,2,0,2,0,1,0,1,1,0,0,2,0,0,0,0,1,1,1,0,0,0,0,0,0,2,0,0,0,0,1,1,1,0,0,2,0,2,0,0,1,1,1,1,0,2,0,2,0,0,0,1,1,0,1,0,0,1,1,0,0,0,0,0,0,0,0,0,0
sample_027,sample_027,0,1,0,2,0,0,1,2,0,1,2,0,0,0,0,0,1,1,1,1,1,0,1,0,0,1,1,0,0,0,0,1,1,2,1,0,0,0,0,0,0,0,0,0,0,0,0,0,1,0,0,1,1,1,0,1,1,0,0,2,0,0,0,1,2,1,0,1,1,1,1,0,0,1,2,1,0,2,0,1,1,1,1,0,0,0,0,0,0,1,1,0,0,0,2,0,0,1,2,0,0,0,0,0,0,0,0,1,0,0,0,1,0,2,2,0,0,1,0,2,1,2,0,0,0,1,1,1,0,1,1,1,2,1,0,2,1,0,1,0,0,1,0,1,2,0,0,0,1,1,1,0,1,1,0,1,1,0,1,0,0,0,0,0,2,0,1,0,1,0,0,1,0,1,0,0,1,1,0,0,1,0,1,0,1,0,1,0,1,0,0,0,2,0,1,0,0,0,0,0
sample_028,sample_028,1,1,0,0,0,1,0,1,0,2,1,0,0,0,0,0,1,0,1,2,1,1,0,1,1,1,1,0,0,0,0,0,0,0,0,1,0,0,0,1,2,0,2,1,1,1,0,0,1,0,2,1,0,1,0,0,0,0,0,1,0,1,1,0,0,1,1,1,0,2,0,0,0,0,1,0,0,1,1,1,1,1,0,1,0,0,0,1,0,1,1,0,0,0,0,1,0,0,1,2,0,1,1,0,1,0,0,1,0,1,0,1,1,2,2,1,0,0,0,0,0,0,0,1,1,0,1,1,0,1,1,0,0,0,1,0,0,0,2,0,0,0,0,1,1,0,1,0,1,0,0,0,1,0,1,1,0,0,0,0,1,1,0,0,0,1,1,0,2,0,0,0,0,0,0,0,2,0,1,1,0,0,2,0,1,1,2,1,0,0,0,0,0,0,1,0,0,0,0,1
sample_029,sample_029,1,1,1,0,0,2,1,0,0,0,0,2,0,0,0,0,0,0,0,1,1,0,0,1,0,2,0,1,0,0,1,0,0,0,2,0,1,0,1,0,2,0,0,1,0,0,1,0,2,0,2,0,0,0,0,1,1,1,0,2,1,1,0,2,2,1,0,2,0,1,0,1,0,0,0,0,0,1,0,0,0,0,0,1,1,0,1,1,0,2,1,1,1,0,0,1,1,0,0,0,0,1,0,0,1,0,1,0,1,0,1,1,0,1,0,1,0,0,1,0,0,1,1,2,2,0,0,0,0,1,0,1,1,1,1,1,0,0,1,0,0,0,0,1,1,0,0,2,0,1,1,1,1,1,0,0,1,2,2,1,0,1,0,0,1,1,2,0,1,0,0,1,0,1,1,0,1,0,0,0,0,0,1,0,0,0,1,1,0,0,1,0,1,1,0,0,0,0,0,0
sample_030,sample_030,1,0,1,0,0,1,1,1,0,1,2,0,0,0,1,1,0,0,0,1,1,0,0,1,0,0,1,1,0,0,1,0,1,0,1,2,0,2,2,0,1,0,1,2,0,0,0,0,1,0,0,2,0,0,1,0,1,1,0,0,0,2,1,1,0,0,0,1,0,0,0,0,1,0,0,0,0,2,0,0,1,1,0,1,1,0,0,0,0,0,0,1,1,0,0,0,0,0,0,1,2,2,0,0,2,1,0,0,0,2,0,2,0,1,1,1,0,1,0,0,0,0,0,0,2,0,0,0,0,0,0,0,2,0,0,2,0,0,1,0,0,1,1,0,0,0,0,1,0,0,2,0,0,1,0,0,1,1,0,0,2,0,0,0,1,1,0,1,1,0,0,1,1,0,1,0,0,0,1,1,0,0,1,0,1,1,2,0,1,0,0,1,1,0,1,1,1,0,0,1
sample_031,sample_031,0,1,1,0,0,0,0,1,0,2,1,0,0,0,1,0,1,1,2,0,2,0,0,0,0,1,0,2,0,1,0,0,1,0,1,0,0,1,0,1,1,1,1,0,0,1,0,0,1,0,0,1,0,0,0,0,1,0,1,0,0,1,0,1,0,1,0,1,0,1,1,1,1,0,1,0,0,0,0,1,0,2,2,2,0,0,0,0,0,1,2,1,0,0,0,0,0,2,0,0,0,1,1,1,0,1,0,1,0,0,0,2,0,1,0,0,0,0,0,0,0,1,0,0,1,0,1,2,0,1,0,1,2,0,2,1,0,0,0,0,0,0,0,1,0,0,0,1,1,1,1,0,1,0,0,0,0,0,0,0,1,0,0,0,0,1,1,1,0,0,0,1,0,0,0,1,2,1,0,0,0,0,2,0,0,2,0,0,0,0,0,0,0,1,1,0,0,0,0,1
sample_032,sample_032,1,0,1,1,0,1,0,2,0,1,1,1,2,0,0,0,1,0,1,1,1,1,0,1,0,0,2,0,0,0,0,0,2,2,1,0,0,0,2,0,2,0,2,1,1,2,0,0,0,0,1,0,0,1,0,0,1,0,0,0,0,0,0,0,0,1,1,0,0,1,0,0,1,0,2,1,1,1,1,0,1,1,0,0,0,0,0,0,2,1,2,0,1,1,0,0,0,1,0,0,1,0,0,0,0,0,0,1,0,0,0,1,1,0,0,0,0,0,0,0,0,0,0,1,0,2,0,2,0,0,0,1,2,0,0,0,0,1,1,0,1,1,0,1,0,1,0,1,1,0,1,0,0,2,0,1,0,0,2,0,0,0,0,0,0,0,0,0,0,0,0,1,1,0,0,0,2,0,2,0,1,0,1,0,1,1,0,0,0,0,1,1,1,1,0,0,0,0,0,0
sample_033,sample_033,0,0,0,1,0,2,0,1,0,2,1,0,0,0,0,0,1,0,1,1,0,0,1,1,0,1,0,0,0,0,1,0,0,0,1,0,0,1,0,1,0,0,0,1,2,1,0,0,1,0,0,2,1,0,0,0,1,1,0,2,1,1,0,1,2,0,1,0,0,1,0,1,0,1,0,0,1,1,1,1,0,1,0,0,0,1,0,0,1,1,1,1,0,0,0,0,2,1,0,0,0,0,0,0,1,1,0,2,0,1,0,1,0,1,1,1,0,0,1,0,1,0,1,2,1,0,0,1,1,1,1,2,0,0,0,2,1,0,1,0,1,0,0,1,1,1,0,2,1,0,0,0,0,1,0,0,0,0,0,0,0,1,0,0,0,0,1,0,1,0,0,2,1,0,0,0,2,0,0,0,0,0,1,0,1,1,1,0,0,0,1,1,0,0,0,0,1,1,0,1
sample_034,sample_034,1,1,0,0,0,0,0,1,0,1,2,1,1,0,1,1,1,1,1,0,1,1,1,1,0,1,1,2,0,2,1,0,0,1,0,0,0,2,0,1,2,0,1,0,0,0,0,0,0,0,1,1,2,0,0,1,0,0,0,1,0,1,1,0,1,2,0,0,0,1,0,1,0,0,1,1,0,1,0,0,0,0,0,1,0,0,0,1,0,1,0,2,0,1,1,0,0,0,1,1,0,0,1,2,1,1,0,0,0,0,2,0,1,0,0,1,0,0,0,0,0,0,0,1,2,1,0,0,0,0,0,1,1,0,1,0,0,1,1,1,0,0,2,0,0,0,0,0,2,2,1,0,1,1,0,0,0,1,1,0,0,0,0,0,1,0,0,0,2,0,0,1,0,0,0,0,0,0,0,0,0,0,0,0,0,2,0,1,0,0,0,0,2,0,0,0,1,1,0,0
sample_035,sample_035,0,0,2,1,1,1,1,1,1,1,0,0,0,0,0,0,1,0,1,1,1,1,0,1,0,0,0,1,0,1,1,0,1,1,2,0,0,1,1,1,0,1,0,0,0,1,0,0,1,1,2,1,1,1,0,0,0,1,0,0,1,0,1,0,1,1,1,0,0,0,0,1,0,0,0,0,0,0,0,1,0,0,1,1,0,0,0,1,0,1,1,2,0,1,0,0,1,0,0,0,1,2,0,1,2,0,0,2,0,1,0,0,1,1,0,0,0,1,0,0,1,0,0,1,0,0,0,0,0,0,0,2,2,0,0,0,0,0,1,0,0,0,0,0,1,0,0,0,1,0,0,0,0,1,1,1,0,0,1,0,0,1,1,0,1,0,1,0,0,0,0,1,0,0,0,1,1,0,1,0,1,0,2,0,1,1,0,0,1,2,0,1,0,1,0,0,0,0,1,1
sample_036,sample_036,2,0,1,0,0,1,0,1,1,1,0,0,0,0,0,0,0,0,0,0,2,1,2,1,0,0,1,0,0,1,1,0,1,1,0,0,0,2,1,1,1,0,0,0,0,1,0,0,1,0,2,1,0,1,0,0,1,1,0,2,0,1,0,2,0,1,0,0,0,2,0,1,0,0,0,1,0,1,0,2,1,1,0,2,1,0,0,0,1,1,0,1,0,0,0,0,0,1,1,0,0,1,0,0,1,0,1,0,0,0,1,1,0,1,0,1,1,1,0,1,2,0,0,1,0,0,0,1,0,0,1,1,0,0,1,1,1,0,0,0,0,1,2,1,0,1,1,1,1,0,0,1,0,1,1,0,2,0,1,0,1,0,0,1,1,1,0,1,1,0,0,0,1,0,0,1,1,1,1,0,2,0,1,0,0,1,0,0,1,0,0,0,1,0,1,0,0,1,1,0
sample_037,sample_037,1,0,0,1,0,1,1,0,0,1,0,0,1,0,2,0,2,0,0,1,2,0,1,1,1,1,0,1,0,1,0,0,1,1,1,0,0,0,0,1,0,0,0,0,0,2,0,1,1,1,0,1,0,0,2,0,0,0,0,0,0,1,1,1,0,1,1,1,0,2,0,1,2,0,1,2,2,0,0,1,0,1,0,0,0,1,0,2,1,2,0,1,0,0,1,0,0,0,0,1,1,0,0,0,0,0,0,0,0,1,0,0,0,1,1,1,1,0,0,0,1,0,0,1,1,1,0,1,0,0,0,1,2,0,1,1,1,1,1,0,1,1,1,1,1,0,0,0,0,0,0,1,1,0,0,0,0,0,0,0,0,0,0,1,1,0,2,0,1,0,0,0,0,0,0,0,0,0,1,1,2,0,1,0,0,1,0,0,0,1,0,0,0,1,1,0,0,0,0,1
sample_038,sample_038,0,0,2,0,0,0,2,0,1,2,1,0,1,0,1,0,0,1,1,0,1,0,0,0,0,0,0,2,0,0,1,0,1,0,1,0,0,1,0,0,0,0,0,1,1,1,0,0,1,0,1,1,1,1,0,1,1,2,0,1,0,1,1,2,1,2,0,0,0,1,0,1,2,0,0,1,1,1,0,0,1,0,0,0,0,0,0,0,0,0,1,0,1,0,0,0,0,0,0,0,0,1,0,0,1,0,0,1,0,0,0,0,0,0,1,0,1,2,0,1,1,0,0,0,1,0,1,1,1,0,1,1,1,0,2,1,1,0,0,0,0,1,0,1,0,0,0,0,2,0,0,0,0,2,0,1,1,1,1,0,1,0,0,0,1,0,1,0,1,1,0,0,0,0,0,1,1,0,1,1,0,0,0,1,1,1,0,0,0,1,0,0,1,2,1,0,0,0,0,0
sample_039,sample_039,1,0,0,0,0,2,1,1,1,2,1,1,0,1,2,0,1,0,2,2,1,0,1,2,0,1,0,1,0,0,1,0,1,2,1,1,0,0,1,0,1,0,0,0,1,1,0,0,1,1,1,1,1,1,1,0,1,1,0,0,1,1,1,0,0,1,0,2,1,1,0,0,1,0,0,1,0,0,0,1,1,1,1,2,0,0,0,1,0,1,1,2,0,1,0,0,2,1,1,0,1,1,0,0,1,0,1,1,0,0,1,1,0,1,1,1,0,2,0,0,0,0,0,0,1,0,0,0,0,0,0,0,0,0,1,0,1,1,1,1,0,0,1,1,1,0,0,0,0,2,1,0,0,0,1,0,0,1,0,0,0,0,0,0,0,2,0,2,2,1,0,0,0,0,0,0,1,0,0,0,0,0,1,1,0,1,2,0,1,1,1,0,0,1,2,1,1,1,0,1
sample_040,sample_040,0,0,1,1,0,1,0,1,0,1,2,0,0,0,1,0,1,2,1,1,2,1,1,0,0,2,1,0,1,1,0,0,0,1,1,2,0,0,0,1,1,2,0,1,0,1,0,0,2,1,1,1,1,0,1,1,0,1,0,2,0,2,2,1,1,1,1,1,1,2,0,0,0,0,2,0,1,2,0,1,0,0,1,1,0,0,1,2,0,0,2,0,1,0,0,0,0,0,0,0,0,1,1,0,1,0,0,1,0,0,1,1,0,1,0,1,0,0,2,1,0,1,0,1,1,1,0,0,0,0,0,2,1,0,0,0,1,0,0,0,0,1,0,0,1,0,0,1,1,1,2,0,1,1,0,1,0,0,0,0,0,1,1,1,1,0,0,0,1,0,0,1,0,0,0,1,1,1,1,0,1,0,0,0,0,1,2,0,1,0,0,0,0,0,0,0,0,0,1,0
sample_041,sample_041,1,1,1,1,0,0,1,2,1,1,1,0,1,1,2,2,2,2,0,2,1,1,0,0,1,1,0,0,0,0,0,0,1,2,0,0,0,0,0,0,1,0,0,1,0,1,1,0,2,0,1,1,1,0,0,0,2,1,0,1,0,0,0,1,0,1,0,1,1,0,0,1,1,0,1,2,0,0,0,1,0,1,0,1,1,0,0,0,0,1,1,2,0,0,0,1,1,0,0,1,1,0,1,1,1,0,0,0,0,1,0,0,1,2,0,1,0,0,0,2,0,1,0,0,1,0,1,1,0,1,0,2,1,0,0,2,1,0,1,0,0,0,0,2,1,1,0,0,0,0,2,0,0,1,0,0,0,0,2,0,1,0,0,0,0,0,0,0,0,0,0,2,0,1,0,0,0,0,1,0,0,0,1,0,0,0,0,0,0,1,0,0,0,0,0,0,0,0,0,0
sample_042,sample_042,1,1,1,1,0,1,0,1,0,1,1,0,0,0,1,0,0,1,1,0,0,1,0,0,0,1,0,0,1,0,1,1,0,2,0,0,0,1,1,0,1,0,0,1,1,1,0,0,0,0,1,1,0,0,1,1,2,1,0,0,0,0,1,1,1,0,0,2,0,2,0,1,1,0,2,0,1,1,0,2,0,1,2,1,1,0,0,0,0,1,2,2,0,0,0,1,0,0,1,0,0,0,2,0,1,0,0,0,0,1,2,0,1,0,0,0,0,1,1,1,0,0,0,0,1,0,2,0,1,1,0,1,1,0,0,1,0,0,1,0,2,0,0,1,1,0,0,0,1,0,0,0,0,0,0,1,0,2,1,0,1,0,0,0,1,0,1,0,0,0,0,1,0,0,1,0,1,0,0,1,1,1,2,0,1,0,1,1,0,0,0,0,0,0,0,0,0,0,0,1
sample_043,sample_043,0,0,0,0,0,2,0,2,0,2,0,0,0,0,1,1,1,0,1,0,2,0,0,1,0,1,0,0,1,0,1,0,0,0,0,0,0,1,0,0,1,0,1,1,1,1,0,0,2,0,1,1,2,1,0,2,1,1,1,0,0,1,0,1,1,2,0,2,1,1,0,1,1,1,2,0,0,0,0,0,0,0,0,0,0,0,0,0,0,0,1,1,0,0,1,0,0,0,0,1,0,1,0,0,0,0,0,0,0,1,0,1,1,0,0,1,1,1,0,0,0,1,0,0,1,2,1,1,0,0,1,0,1,0,0,1,1,1,0,0,0,0,0,0,0,0,0,1,2,0,0,0,1,0,0,1,1,1,1,0,0,1,0,0,0,0,0,0,1,0,0,0,0,0,0,0,0,0,0,0,0,0,0,0,1,0,2,0,0,1,0,0,2,2,0,1,0,2,0,0
sample_044,sample_044,0,1,0,0,0,1,0,1,0,0,1,0,1,0,0,0,1,0,0,1,2,1,0,1,0,0,0,1,0,0,0,0,0,2,0,0,0,0,0,0,0,0,0,0,0,0,1,0,1,0,0,0,1,0,0,0,2,0,0,0,0,0,0,2,0,1,1,0,0,0,0,1,1,0,0,0,0,1,0,0,1,1,0,0,0,0,0,0,1,1,0,1,2,1,1,1,1,1,1,1,1,0,0,1,0,0,1,1,0,1,1,2,1,0,0,1,0,0,1,0,0,1,0,2,1,1,1,2,0,0,1,1,1,0,0,1,1,0,0,0,0,2,0,0,0,1,0,1,1,0,0,1,0,1,0,0,0,1,1,0,0,0,1,0,0,1,1,0,1,1,0,0,0,1,0,0,0,1,1,0,1,1,0,0,0,0,0,0,1,1,0,0,1,1,1,0,0,1,1,0
sample_045,sample_045,1,1,1,0,0,0,0,0,0,1,0,1,1,2,2,0,0,2,0,2,0,0,1,0,1,1,0,1,0,0,1,0,0,1,1,0,0,1,0,1,2,1,2,0,1,0,0,0,0,1,1,2,0,0,1,0,0,0,1,1,1,0,0,1,1,1,0,1,0,2,0,1,0,1,1,0,1,1,0,1,0,1,0,1,0,0,0,0,1,1,0,1,0,0,0,0,0,2,0,0,0,0,1,1,1,0,0,0,0,1,0,0,1,0,1,0,1,0,0,0,0,1,0,1,0,1,2,2,1,0,0,1,1,0,0,1,0,0,2,1,0,1,0,1,1,0,0,1,1,0,1,1,2,1,0,0,1,0,1,1,0,0,0,0,1,0,0,2,0,0,0,1,0,1,0,0,0,0,1,0,0,0,1,0,0,1,1,0,1,0,0,0,0,1,2,0,0,0,0,0
sample_046,sample_046,0,2,1,0,0,1,0,1,0,1,1,1,0,0,0,0,1,0,0,1,1,1,2,1,1,0,0,1,0,1,0,0,2,2,1,0,0,0,0,0,1,0,0,0,0,0,0,0,1,0,1,2,0,0,0,0,2,1,0,1,0,0,0,0,2,0,1,1,0,2,0,1,0,0,1,1,0,1,0,0,0,1,1,0,0,0,0,0,1,1,1,1,0,0,0,0,1,1,0,0,2,1,0,0,0,1,0,1,0,1,2,0,1,1,1,0,0,0,1,0,1,1,0,0,1,1,1,1,0,0,0,1,0,0,1,0,1,0,0,0,0,0,0,0,0,0,1,1,1,1,0,0,0,1,0,0,1,1,1,0,0,1,0,0,1,0,1,1,0,0,0,2,0,0,0,0,1,0,0,0,0,0,0,0,0,0,0,1,1,0,0,1,1,1,1,0,0,0,0,0
sample_047,sample_047,0,0,2,0,0,0,0,1,0,1,0,0,1,0,1,0,0,1,2,1,1,2,0,0,0,2,1,0,0,1,0,0,1,1,0,1,0,0,0,2,1,0,1,0,0,1,0,1,0,0,1,1,0,0,0,1,2,0,0,0,2,1,1,1,0,1,1,0,0,1,1,0,1,1,0,0,1,1,0,1,0,2,1,2,0,0,0,0,0,2,0,0,1,0,0,0,0,0,1,0,0,2,1,0,0,1,0,0,0,0,1,1,2,0,1,0,0,1,0,0,0,1,0,0,2,0,1,0,0,2,0,1,1,0,1,1,2,0,0,0,0,0,0,1,1,0,0,1,0,0,1,0,0,0,0,0,2,2,0,2,1,0,0,0,1,1,2,0,1,0,0,2,1,1,0,0,1,0,1,0,0,0,0,0,0,0,2,0,0,1,0,1,1,0,0,0,0,0,0,0
sample_048,sample_048,0,1,0,0,0,1,1,1,1,2,1,0,0,1,1,0,1,0,0,0,1,2,1,2,0,0,0,0,1,0,1,0,1,1,0,0,1,1,0,1,1,0,0,1,0,1,0,0,1,0,2,0,1,0,1,0,2,0,0,1,1,1,0,1,0,1,1,1,0,1,2,0,0,0,1,1,1,1,0,1,0,1,1,1,0,0,0,1,0,1,0,0,2,0,0,0,1,1,0,0,0,1,0,0,0,0,0,0,0,0,0,0,1,1,0,0,0,0,0,0,1,1,0,0,1,0,1,1,0,1,0,1,0,1,2,0,1,1,1,1,1,1,0,1,0,2,0,0,0,2,0,0,1,1,1,0,1,0,0,0,0,0,0,0,0,0,1,1,0,0,0,0,0,0,0,0,1,1,1,1,1,0,2,0,1,2,0,0,0,2,0,0,1,0,1,0,0,0,0,1
sample_049,sample_049,1,0,1,2,0,1,1,1,0,0,1,0,0,0,2,1,1,1,0,1,1,1,0,2,1,1,1,2,0,1,1,0,1,2,1,0,0,0,0,0,2,1,0,1,0,1,1,0,0,0,1,1,1,0,1,1,1,1,0,2,0,1,1,1,1,2,0,1,1,1,0,0,1,0,1,0,1,1,0,0,0,1,0,1,0,0,1,0,0,1,2,1,1,0,0,0,0,1,0,0,1,0,0,0,1,0,0,0,0,0,1,1,0,1,0,0,1,1,0,1,0,1,0,1,1,0,1,1,0,1,0,0,1,0,1,0,0,1,0,0,0,0,0,1,0,0,0,1,1,1,1,0,0,1,1,0,0,1,1,0,1,0,0,2,0,0,0,1,2,0,0,0,0,1,0,1,1,0,1,1,1,0,1,1,1,1,1,1,0,0,0,0,1,1,0,0,0,1,0,1
sample_050,sample_050,0,1,1,1,0,1,1,2,0,1,1,1,2,0,2,2,2,0,1,1,2,0,0,1,0,0,1,0,1,0,1,0,2,1,1,0,1,0,1,0,0,0,0,1,1,0,1,0,2,0,1,0,1,1,0,0,2,0,0,0,0,0,1,0,2,2,0,1,0,0,0,0,1,0,0,0,1,1,0,1,0,1,0,0,0,0,0,0,0,0,1,1,1,0,0,0,0,0,0,1,1,2,0,1,0,0,0,0,0,0,1,1,0,1,0,1,0,0,1,1,0,0,0,1,1,0,0,1,1,0,0,0,1,0,0,2,1,0,1,0,0,1,1,0,0,0,0,0,1,0,0,0,0,1,0,1,0,0,1,0,1,0,0,0,0,1,1,0,0,0,0,2,0,0,1,0,1,0,1,1,0,0,1,0,0,0,0,0,0,0,0,0,1,0,1,1,0,1,0,0
sample_051,sample_051,1,0,2,1,0,2,0,0,0,1,1,1,0,0,0,0,0,0,0,1,2,0,0,0,0,0,1,1,2,1,1,0,1,1,2,0,0,0,0,1,2,0,1,0,1,2,0,0,1,0,2,0,0,0,1,1,1,1,0,0,0,0,0,0,2,1,2,0,1,1,0,2,1,1,1,0,0,0,1,0,0,1,0,1,0,0,0,0,1,1,1,1,0,1,0,0,0,0,1,1,0,1,0,0,0,0,1,1,0,1,0,1,2,1,0,0,0,0,0,0,0,0,0,1,1,1,0,0,1,1,1,1,0,0,1,2,1,0,2,0,0,1,0,0,0,0,0,1,0,0,0,0,0,0,0,0,0,0,1,0,0,0,0,1,2,0,0,0,1,0,0,0,0,1,0,0,0,0,1,1,0,2,1,0,0,1,1,0,2,1,0,0,1,1,2,1,0,0,1,0
sample_052,sample_052,0,0,2,0,0,2,0,0,0,1,1,0,1,0,1,2,0,1,2,1,1,0,1,0,0,0,0,1,0,0,0,0,0,1,2,0,0,0,0,0,1,0,0,0,1,1,1,0,0,0,1,1,1,0,1,0,2,0,1,1,0,0,0,1,1,1,1,2,0,0,0,0,0,0,1,0,1,2,0,0,0,0,0,1,0,0,2,0,1,1,0,0,0,0,1,0,0,0,0,0,1,1,2,0,0,0,0,0,0,0,1,2,0,0,1,0,0,0,0,0,0,0,0,0,1,0,0,0,1,1,0,1,1,0,0,0,1,0,0,0,0,0,0,0,1,0,0,0,2,0,1,1,0,1,0,0,0,1,1,0,1,0,0,0,0,0,1,1,0,0,0,1,0,0,0,2,0,0,1,0,0,0,1,0,0,1,0,0,1,0,0,0,0,1,0,0,0,1,0,1
sample_053,sample_053,1,1,1,1,0,1,1,2,0,1,1,0,0,1,1,1,1,0,1,0,1,1,0,1,0,2,1,1,1,0,0,0,0,0,0,1,0,0,0,0,1,0,0,1,0,1,0,1,0,0,1,1,1,0,0,0,1,0,0,0,0,1,0,2,2,2,0,0,0,2,0,1,2,0,0,0,0,1,0,0,1,2,0,1,0,0,0,0,0,1,0,1,1,0,1,1,0,0,1,2,0,0,0,0,1,0,1,0,0,0,0,1,1,0,1,0,0,2,0,2,0,1,1,0,1,1,1,1,1,2,0,0,1,0,0,1,1,0,1,1,2,1,1,0,2,1,0,1,1,1,0,0,0,0,1,1,0,0,0,1,0,0,0,0,0,1,0,0,0,0,1,0,0,0,0,0,2,1,1,0,0,0,1,0,0,1,0,1,0,1,0,0,1,1,0,0,1,0,0,1
sample_054,sample_054,1,0,1,0,0,0,2,1,1,1,0,1,0,0,1,0,2,0,0,1,1,1,1,1,1,1,2,0,1,0,1,1,1,1,1,0,1,0,0,1,0,0,0,0,0,1,0,1,0,0,1,0,1,1,0,0,1,0,0,1,0,1,1,1,0,0,0,0,0,1,0,0,0,0,0,0,0,0,0,1,0,0,0,0,0,0,0,0,0,1,0,1,0,0,0,0,0,0,1,0,0,1,0,0,1,0,0,1,0,0,0,1,0,2,0,0,0,1,0,0,1,1,0,0,1,0,1,2,0,1,0,1,0,0,1,0,1,0,2,0,0,2,1,1,1,1,0,0,0,1,0,1,0,0,1,0,1,1,0,0,1,0,0,0,0,0,0,0,1,0,0,1,0,0,0,1,1,0,1,0,0,0,0,0,0,1,1,0,1,0,0,0,2,1,1,0,0,0,0,1
sample_055,sample_055,1,0,1,0,0,1,0,1,0,1,1,0,0,1,0,0,2,1,1,1,1,1,0,1,0,2,0,1,0,0,0,1,2,1,0,0,0,0,0,1,0,1,0,0,0,1,0,0,1,0,0,2,2,0,0,2,1,1,0,0,0,0,1,0,0,2,1,2,1,0,0,1,2,0,1,1,0,0,0,0,0,1,0,2,0,0,0,0,0,1,1,1,2,0,0,0,2,1,0,1,0,0,0,0,0,0,0,1,0,1,0,2,1,1,2,1,0,1,0,0,0,0,0,1,1,1,0,1,0,1,0,0,1,0,1,1,1,0,1,0,0,0,0,0,1,0,0,0,2,0,0,0,0,1,0,1,2,0,1,0,2,0,0,0,0,1,0,0,2,1,0,1,0,1,0,0,0,0,1,0,0,0,0,0,2,2,1,0,0,1,0,0,1,1,0,0,0,0,0,1
sample_056,sample_056,0,0,1,0,0,2,0,2,0,2,0,0,2,1,2,1,0,1,1,0,1,1,0,0,2,2,0,1,0,1,0,0,0,1,0,1,1,1,0,1,1,0,1,0,0,1,0,0,1,0,1,0,0,0,0,0,1,0,0,0,2,2,0,2,1,1,0,1,0,1,0,2,2,1,0,1,1,1,0,1,0,1,0,0,2,0,0,0,1,1,0,0,1,0,0,0,0,0,0,0,1,0,2,0,0,0,0,0,0,1,1,1,1,1,0,1,0,1,0,0,0,1,0,1,0,0,1,1,0,1,0,1,1,1,0,1,1,0,2,1,1,1,0,0,2,0,0,0,1,0,0,0,1,1,0,1,0,0,0,0,1,0,0,0,0,0,0,0,1,0,0,1,0,0,0,0,1,0,0,1,1,0,1,0,0,1,1,0,0,0,0,0,0,1,0,2,0,0,0,0
sample_057,sample_057,0,1,1,0,0,0,1,0,0,0,1,1,1,1,1,0,1,0,1,1,1,1,0,2,0,0,0,0,1,1,1,0,2,2,0,0,0,0,0,0,2,0,1,0,0,0,0,0,0,0,0,1,0,0,1,0,1,1,0,1,0,0,0,2,1,1,0,1,0,2,0,0,0,1,0,1,0,1,1,0,0,1,1,2,0,0,0,0,0,1,0,0,1,0,0,0,1,0,0,1,0,1,1,1,1,0,0,1,0,1,0,0,1,2,1,0,0,1,1,1,1,1,0,1,2,0,1,0,0,1,0,0,1,0,0,1,0,0,1,0,0,0,1,1,0,0,0,0,1,0,1,0,0,0,1,1,1,0,1,0,0,1,0,0,1,1,1,0,0,0,0,0,1,2,0,1,1,0,2,1,0,1,0,0,0,1,1,0,0,1,0,0,1,1,0,1,0,0,0,1
sample_058,sample_058,2,0,0,1,0,2,0,1,1,1,2,1,1,0,0,1,0,0,0,1,1,0,2,1,1,2,0,0,0,1,0,0,0,0,1,0,1,0,0,0,2,0,2,1,0,1,1,0,1,0,0,1,0,1,1,0,1,0,0,1,0,0,1,1,1,1,0,0,0,0,0,1,0,1,1,0,1,0,0,0,0,0,0,1,0,0,0,1,0,1,1,2,0,0,0,0,1,1,2,1,0,1,1,1,0,0,0,0,1,1,0,1,1,0,0,0,1,0,1,0,0,0,1,1,1,0,1,1,1,0,0,1,2,0,0,2,0,0,2,0,0,0,2,1,1,0,0,1,2,0,1,0,1,0,0,0,2,0,2,0,1,0,0,1,1,0,0,0,0,0,0,0,1,0,1,0,1,1,0,0,0,0,1,1,0,2,0,0,1,0,1,0,0,0,0,0,0,0,0,1
sample_059,sample_059,0,0,1,1,0,1,0,1,1,2,1,1,1,0,1,0,1,0,1,1,1,1,1,1,0,2,0,0,0,0,1,0,0,1,1,0,0,1,1,1,1,0,0,0,0,2,0,0,1,0,2,1,0,0,0,1,2,0,0,1,0,0,1,1,1,1,1,0,0,2,0,0,0,0,2,0,0,1,0,0,1,0,2,1,0,0,1,1,1,1,1,1,1,0,0,0,2,1,0,0,1,2,0,1,1,0,0,2,0,1,0,0,2,0,2,0,0,1,0,0,1,1,0,1,0,0,0,0,0,1,0,2,0,0,1,2,0,0,1,0,0,1,0,0,1,0,0,0,0,1,0,1,0,2,0,0,2,1,0,0,0,0,0,0,0,0,0,0,1,0,0,2,0,0,1,1,0,0,2,0,2,0,2,0,2,2,0,2,0,0,0,0,0,1,0,0,0,1,0,0
sample_060,sample_060,0,0,1,0,0,2,0,1,0,1,0,0,1,0,0,0,0,0,2,1,2,2,0,2,1,1,1,1,0,1,0,0,1,0,2,0,0,1,2,0,0,1,1,1,0,2,0,0,0,0,2,1,0,1,1,0,0,1,0,0,1,0,0,2,2,1,0,0,0,1,0,0,1,0,0,0,1,1,0,0,0,1,0,0,0,0,0,2,0,1,2,1,1,1,1,0,1,0,1,1,1,1,0,0,0,0,0,0,0,2,1,2,0,0,2,0,0,0,0,1,1,0,0,1,1,0,1,1,1,0,1,0,1,0,0,1,1,0,0,0,0,0,0,1,0,0,0,0,1,0,2,0,0,2,0,0,0,0,1,0,1,1,0,0,0,0,1,0,1,0,1,1,0,0,0,0,1,0,0,1,0,0,1,0,1,1,1,1,1,1,1,0,1,0,0,0,0,1,0,1
sample_061,sample_061,1,0,0,1,0,1,1,1,0,0,0,0,1,2,1,0,1,0,0,1,0,1,0,0,0,0,0,1,1,0,0,0,1,1,1,0,0,1,1,0,1,0,0,0,1,0,0,0,0,0,1,0,0,0,0,0,2,1,0,1,2,1,0,0,2,0,0,1,0,1,0,0,0,0,0,0,0,2,0,1,1,0,0,1,1,0,1,1,1,0,0,2,0,1,0,0,1,1,2,0,0,0,1,0,0,0,0,0,0,1,0,2,0,1,0,1,0,1,2,1,1,0,2,1,1,1,1,1,0,0,0,2,1,0,0,1,1,0,1,0,0,1,2,0,2,0,0,1,1,1,0,2,1,0,1,0,1,0,0,0,0,0,0,0,0,1,1,1,1,0,0,2,0,0,0,0,2,0,1,0,1,0,1,0,0,2,1,0,1,0,1,0,0,1,0,0,0,2,0,0
sample_062,sample_062,1,0,1,0,0,0,1,0,0,2,1,0,1,1,2,1,1,2,1,2,1,0,1,1,0,0,1,2,0,1,1,0,1,1,1,0,0,0,0,1,1,0,0,0,1,0,0,0,1,0,2,1,1,0,0,0,1,0,0,1,0,1,0,2,1,1,1,2,0,1,1,0,0,0,0,0,1,0,0,2,1,2,0,1,1,0,0,0,1,2,1,1,0,0,0,0,1,1,1,0,0,2,0,0,0,0,0,1,1,1,0,1,0,2,1,0,0,1,2,0,0,1,1,0,1,0,0,0,0,0,0,1,1,0,1,1,1,0,1,0,1,0,0,0,0,0,0,0,1,0,2,1,1,0,0,0,0,0,1,0,1,0,0,0,1,2,0,1,1,0,0,1,0,0,0,0,1,0,0,0,0,0,1,0,1,1,1,0,0,1,0,0,0,2,1,1,0,1,0,0
sample_063,sample_063,0,0,1,2,1,0,0,0,2,1,1,1,0,0,2,0,2,0,1,0,1,1,0,2,0,1,1,2,0,0,0,0,1,1,2,0,0,0,1,1,1,0,0,0,0,0,0,0,0,0,1,0,0,0,1,0,1,1,0,1,0,1,0,2,1,0,1,2,0,1,0,0,0,0,1,0,2,1,0,0,1,0,0,1,1,0,0,0,1,1,0,1,0,0,0,0,0,1,0,0,0,0,1,1,0,0,0,0,0,0,1,0,0,1,0,0,1,0,0,1,1,0,0,0,0,1,1,0,0,0,0,1,2,0,1,1,0,1,1,0,0,0,2,1,1,1,0,2,1,1,0,0,0,0,0,0,1,1,0,0,1,1,1,0,0,0,1,0,0,0,0,2,0,0,1,1,1,0,1,1,1,0,1,0,0,2,1,1,1,0,1,0,1,1,1,0,0,0,0,2
sample_064,sample_064,1,0,0,1,1,1,0,0,0,0,0,0,1,1,1,0,1,0,1,2,2,0,0,2,0,0,1,1,0,0,1,1,1,1,1,1,0,0,0,0,1,1,0,1,0,0,0,0,0,0,0,1,1,0,1,1,0,1,0,1,0,1,1,1,1,0,0,1,0,1,1,2,1,0,1,0,0,1,0,0,2,1,1,1,0,0,0,1,0,1,1,1,0,0,0,0,0,0,0,0,0,1,1,0,0,0,0,1,0,1,0,1,0,1,1,0,1,1,1,0,0,1,0,0,1,1,2,0,0,1,0,1,0,0,1,1,1,0,0,0,0,1,0,0,0,1,0,0,1,1,0,1,0,2,1,0,0,0,0,0,0,2,0,0,1,2,1,0,0,0,1,1,1,0,0,0,1,1,1,0,1,0,0,0,0,2,1,0,1,1,0,0,0,1,0,0,0,0,1,0
sample_065,sample_065,0,1,1,1,0,1,1,2,0,2,1,1,1,1,1,0,1,1,0,1,0,0,0,1,1,1,0,1,1,1,0,0,1,1,0,1,0,1,2,1,1,0,0,0,1,0,1,0,1,0,2,1,1,1,0,0,1,0,0,1,1,1,0,1,2,2,0,0,0,0,0,0,0,0,1,1,1,0,0,1,0,1,1,0,0,0,0,0,1,1,2,1,0,0,0,0,0,0,1,0,0,2,0,0,0,0,0,0,0,0,1,1,0,1,0,0,0,0,1,0,0,1,0,2,1,1,0,0,2,0,0,1,1,0,0,1,1,0,0,0,0,0,0,0,0,0,0,1,1,0,2,1,0,1,1,1,1,1,2,0,1,0,0,0,0,0,2,0,1,0,0,0,0,0,0,0,0,2,0,0,0,0,1,0,1,1,0,0,1,2,0,1,1,1,0,0,0,0,1,2
sample_066,sample_066,2,1,1,0,0,1,0,1,0,1,1,0,1,0,1,0,1,1,0,0,2,0,0,2,1,1,1,0,1,1,1,0,1,1,1,0,0,1,0,0,0,0,1,0,0,1,0,0,0,0,0,1,1,1,1,0,0,1,0,0,0,0,1,0,0,0,1,2,0,0,1,0,0,0,2,0,0,0,1,0,2,1,0,1,0,1,0,1,1,1,2,0,1,0,1,0,2,1,0,0,1,0,1,0,0,0,0,0,1,1,0,1,0,1,1,1,2,0,1,0,0,2,0,0,1,0,0,1,1,0,0,0,0,0,0,1,2,0,2,0,1,2,1,0,1,0,0,1,2,1,1,0,1,1,0,0,1,0,0,0,0,0,0,0,1,0,1,0,1,0,1,1,0,0,0,1,2,0,1,1,0,0,2,0,2,1,0,0,0,0,0,0,0,1,0,1,0,0,0,1
sample_067,sample_067,0,2,0,1,0,1,1,1,0,0,1,0,0,0,1,0,1,1,1,1,1,0,0,1,0,0,1,1,1,1,1,0,0,2,1,0,1,1,2,0,2,1,0,0,0,2,2,0,0,0,1,1,1,2,1,0,0,1,0,1,0,0,0,2,1,2,1,0,0,1,0,1,1,0,1,1,0,1,1,0,0,0,1,0,0,0,1,1,1,1,2,0,0,0,0,0,0,0,0,0,1,1,0,1,1,0,0,1,0,1,1,2,1,1,1,0,0,1,0,0,1,0,0,0,1,1,0,1,0,1,0,0,0,0,1,0,2,0,2,0,0,1,0,0,0,0,0,0,2,1,2,1,1,2,1,0,1,0,1,0,1,0,1,0,1,1,0,1,1,0,1,1,0,0,0,0,1,0,1,0,0,0,1,0,0,1,0,1,1,1,0,0,0,1,1,0,0,0,0,1
sample_068,sample_068,0,0,1,1,1,2,0,0,0,0,0,0,1,0,2,0,2,0,0,0,0,0,0,2,0,1,0,2,2,0,1,0,0,2,1,0,0,0,1,0,1,0,0,0,0,0,1,0,1,0,1,0,1,0,0,1,1,0,0,0,0,2,2,1,2,1,0,1,0,1,0,1,1,0,1,1,0,0,0,0,0,1,0,1,0,1,1,1,2,1,1,0,1,0,0,0,0,0,1,0,1,1,1,0,2,0,0,1,0,0,1,2,1,2,1,1,0,0,1,0,1,1,0,1,2,1,1,1,0,2,0,1,1,1,1,2,1,1,1,0,1,1,0,1,1,0,0,0,0,1,0,1,0,1,0,1,0,0,0,0,0,0,0,0,0,0,1,0,2,0,0,0,0,0,0,0,0,0,1,0,1,0,1,0,0,2,1,1,2,1,0,0,0,1,0,0,1,1,0,0
sample_069,sample_069,0,1,2,1,0,1,1,1,0,0,2,0,1,1,1,0,1,0,1,1,2,0,1,0,0,0,1,1,1,0,1,1,1,0,0,1,0,1,0,0,0,0,0,1,0,1,1,0,2,0,1,0,1,1,2,1,1,1,1,0,0,0,0,1,0,2,1,1,0,0,0,0,0,0,0,1,0,0,0,1,0,0,0,1,1,0,0,1,0,0,1,1,0,0,0,1,0,0,1,0,0,0,1,0,0,0,0,1,0,0,0,0,0,1,1,0,0,1,1,0,1,1,0,2,0,1,1,1,1,0,0,0,2,0,0,1,0,0,1,0,0,0,1,0,0,0,0,0,0,1,1,1,0,1,0,2,1,1,0,0,0,1,0,0,1,1,2,0,1,0,0,1,0,1,0,1,0,0,2,1,1,1,0,0,1,1,1,0,1,0,0,0,0,1,1,0,0,0,0,0
sample_070,sample_070,1,1,1,1,1,1,1,2,1,0,1,0,1,0,1,0,1,0,1,0,0,0,0,1,0,1,0,1,0,2,0,0,0,0,1,0,0,1,1,0,1,0,0,0,0,0,0,1,0,1,2,1,0,1,1,0,0,2,0,2,1,0,1,2,0,0,1,1,0,2,0,0,1,0,0,1,1,1,0,0,0,1,0,0,0,0,0,1,0,2,2,1,0,1,1,0,1,1,1,0,0,0,0,0,0,1,0,1,0,2,0,1,1,1,0,0,0,1,2,0,0,0,0,0,0,0,1,2,1,0,0,1,1,0,1,2,2,0,2,0,1,0,0,0,0,1,0,1,1,1,1,0,1,2,0,1,0,2,1,0,1,1,0,1,0,0,1,0,0,0,0,1,0,0,0,0,2,0,2,1,1,0,2,0,0,0,0,1,1,1,1,0,1,2,1,0,0,0,0,1
sample_071,sample_071,0,1,1,1,0,2,0,1,0,0,1,1,0,0,2,0,2,0,1,1,0,0,0,1,0,2,0,1,0,1,0,1,1,2,1,2,0,0,0,0,2,0,0,0,1,0,1,0,0,0,2,1,2,2,0,0,1,1,1,1,1,1,0,2,1,2,0,1,0,0,1,1,0,0,1,2,0,1,0,1,0,0,1,0,0,0,0,1,0,2,1,0,2,0,0,0,1,0,2,0,1,0,0,1,0,0,1,1,0,0,0,0,1,1,1,1,0,1,0,0,0,0,1,1,0,1,1,2,0,0,0,0,1,0,2,1,1,0,2,0,0,0,0,1,2,0,1,0,2,1,0,2,0,1,0,0,0,0,1,0,0,1,0,1,1,1,0,0,0,1,0,1,1,0,0,0,1,1,1,0,0,0,0,0,1,1,0,0,0,2,1,0,1,1,2,1,0,2,0,0
sample_072,sample_072,0,0,1,0,0,0,0,1,0,2,0,1,0,1,0,0,0,0,1,2,0,1,1,1,0,0,0,2,1,0,0,0,0,1,1,0,1,0,0,0,2,0,1,1,0,1,0,0,2,0,1,0,0,2,0,0,2,0,0,0,0,1,0,1,0,2,0,2,1,2,0,1,0,0,1,1,0,1,0,0,0,1,0,1,0,0,0,0,0,0,2,1,0,0,1,0,0,1,2,0,1,1,0,0,0,0,0,2,0,0,0,1,1,1,1,0,1,1,1,0,0,0,0,1,0,1,1,1,0,1,0,1,0,0,1,2,0,1,0,1,0,0,0,0,1,1,0,1,1,1,1,0,0,0,0,1,1,1,1,0,2,1,0,0,1,0,0,0,2,0,0,0,0,1,0,0,1,0,0,0,0,0,1,1,2,1,1,0,0,0,1,0,0,1,0,0,0,0,0,0
sample_073,sample_073,0,2,1,1,0,1,1,1,0,1,2,1,0,0,2,0,1,0,1,1,2,1,0,1,1,0,0,1,0,2,1,0,2,1,1,1,0,1,2,0,1,0,0,1,0,0,0,0,2,1,1,0,0,0,0,1,2,1,0,0,1,1,1,2,1,0,0,0,1,2,0,1,0,1,0,1,1,1,0,1,1,1,0,0,1,0,0,1,1,0,1,1,0,0,0,0,1,0,1,0,1,0,1,1,0,0,0,2,0,0,1,0,1,0,1,1,0,1,0,0,1,0,0,2,1,0,0,1,0,0,0,2,1,0,1,1,1,1,0,0,0,1,1,1,0,0,0,1,0,1,1,0,0,1,1,0,0,1,1,0,1,0,0,0,0,0,1,0,0,1,0,1,1,1,0,0,1,0,1,1,0,0,2,0,0,1,0,0,1,0,0,1,0,0,1,0,0,0,0,1
sample_074,sample_074,0,0,0,1,0,2,0,0,0,2,1,0,1,1,0,0,1,2,0,0,1,0,0,2,0,1,1,1,0,0,1,0,1,1,1,0,0,1,1,1,0,0,0,0,0,0,1,0,0,0,1,0,0,0,0,0,2,1,0,1,0,0,0,1,1,2,2,1,0,1,0,1,1,0,0,1,0,1,0,0,1,2,0,1,1,0,0,0,1,1,1,1,0,0,0,0,0,0,1,0,0,0,0,0,0,0,0,1,0,0,0,1,1,1,0,0,0,0,0,0,1,0,0,1,0,1,2,0,0,0,0,1,1,0,1,1,0,0,2,0,0,0,1,1,1,0,1,1,0,1,0,0,0,0,1,0,0,0,1,0,1,1,1,0,0,1,1,0,0,0,0,1,1,1,0,0,2,0,0,0,0,0,0,0,0,0,0,0,0,1,1,0,1,2,0,0,0,1,0,0
sample_075,sample_075,0,1,1,1,0,0,1,2,0,2,1,1,0,1,0,0,2,0,0,2,0,0,1,1,0,0,0,1,1,1,0,0,0,1,2,1,0,1,0,2,1,2,0,1,0,1,0,0,0,0,1,0,1,1,0,1,0,0,0,2,0,0,0,0,1,0,0,1,1,1,2,1,0,0,0,1,2,1,0,1,0,1,0,0,0,0,0,1,1,1,1,0,0,0,0,0,0,1,1,2,0,2,1,0,0,0,1,0,0,1,1,1,0,2,1,0,0,0,0,0,1,2,0,1,2,0,2,0,0,0,0,0,2,0,1,1,2,0,1,1,1,0,1,0,0,1,0,0,1,2,0,1,0,2,0,0,0,0,1,0,0,0,0,0,1,1,0,1,2,0,0,0,1,1,0,0,0,0,0,0,0,0,2,0,1,1,0,0,0,0,0,0,2,0,1,1,0,0,0,0
sample_076,sample_076,2,1,1,0,0,1,0,1,0,0,1,0,1,2,1,1,0,0,2,0,1,1,1,1,0,0,1,0,0,1,1,0,0,0,1,0,0,0,0,0,1,0,1,0,0,1,0,0,1,0,0,2,2,0,0,0,1,0,0,0,2,2,1,1,2,1,0,1,0,2,0,1,0,1,0,0,0,0,0,1,1,0,1,1,1,0,0,0,1,0,2,1,0,1,0,0,0,1,1,0,2,1,1,0,1,0,1,0,0,1,0,1,1,2,1,0,0,0,0,1,1,1,0,0,1,0,1,1,1,2,0,1,1,0,0,2,0,0,1,0,0,0,0,2,2,0,0,1,0,0,0,0,0,2,1,1,1,1,1,0,0,0,0,0,1,0,0,0,0,1,0,0,0,0,0,2,1,0,2,1,0,1,1,0,0,1,0,1,2,0,0,0,0,0,1,0,0,0,0,1
sample_077,sample_077,1,1,0,1,0,1,2,2,0,1,0,2,0,0,1,1,2,0,1,2,1,0,1,1,1,0,1,1,0,0,1,1,1,0,1,1,0,0,1,1,0,1,1,0,0,1,1,0,2,0,2,1,0,1,1,0,1,0,0,0,0,1,0,2,1,2,1,1,0,1,0,2,0,0,1,0,1,1,0,1,1,0,0,0,0,1,0,0,2,1,0,1,0,0,0,1,1,0,0,0,0,0,0,0,0,1,0,0,0,1,2,0,1,1,0,1,1,1,0,2,0,0,0,0,0,0,2,1,0,0,0,2,1,0,0,1,1,0,2,0,0,0,1,1,1,0,0,0,0,0,1,0,0,1,0,1,0,2,2,0,1,0,0,0,1,0,0,0,2,1,0,2,0,1,1,0,1,0,0,0,2,0,2,0,0,1,1,0,0,0,0,0,1,0,0,1,0,0,0,1
sample_078,sample_078,1,1,0,0,0,1,0,2,0,1,1,2,0,0,0,1,0,0,0,0,0,0,1,1,0,1,1,1,1,0,2,0,1,2,2,0,0,1,0,1,2,1,1,0,2,1,0,0,1,0,0,1,0,1,1,0,1,0,0,0,0,1,1,1,0,2,0,1,0,2,0,1,1,0,1,1,1,1,0,0,0,1,1,0,0,1,0,0,0,2,0,1,0,2,1,0,1,0,0,0,2,0,1,0,1,0,0,1,0,2,0,0,1,2,1,1,0,0,1,0,1,0,2,0,1,0,1,1,1,0,0,0,2,0,1,1,1,0,2,1,1,0,0,1,1,0,0,0,0,1,2,0,0,1,0,1,0,1,1,0,0,0,0,0,1,1,0,1,0,1,1,2,0,1,0,0,1,1,0,0,1,0,0,0,0,2,1,0,2,0,0,0,0,2,0,0,1,0,0,1
sample_079,sample_079,0,0,0,0,1,1,0,1,0,1,0,0,1,1,0,0,0,0,0,2,1,1,1,1,0,1,2,1,1,1,0,1,2,0,1,1,0,1,2,0,1,0,0,0,0,2,0,0,1,0,1,1,0,2,2,0,1,0,0,1,0,0,1,1,2,1,1,1,1,1,0,1,1,0,1,1,1,0,1,0,0,1,1,1,1,0,0,1,0,2,2,0,1,0,0,1,0,0,2,0,0,1,0,1,1,0,0,1,0,0,0,2,0,0,0,1,1,0,0,1,0,1,0,1,1,0,0,1,0,1,0,1,1,0,1,2,1,0,0,0,0,0,0,0,1,0,0,0,1,0,2,2,2,1,0,1,0,1,0,0,1,1,1,0,0,0,0,0,0,0,0,1,1,1,0,0,1,1,0,0,0,0,0,1,1,1,1,2,1,0,0,0,2,2,0,0,0,1,0,2
sample_080,sample_080,2,0,0,0,0,0,0,2,0,1,1,0,0,0,0,0,1,1,0,0,0,0,1,0,0,1,0,1,2,2,0,0,1,1,1,0,0,1,0,2,1,0,0,1,2,1,0,0,1,0,1,1,1,0,0,0,0,1,0,0,1,1,0,1,0,1,2,1,1,1,0,1,0,1,2,0,0,1,0,0,0,0,0,2,0,0,0,0,1,1,0,1,1,0,0,0,0,0,1,1,0,1,0,0,0,1,1,0,0,1,2,1,0,1,0,0,0,1,0,1,0,0,1,1,0,1,0,0,0,1,1,2,1,0,0,0,1,0,1,0,0,0,1,2,2,2,0,0,1,0,1,0,0,1,0,0,0,0,0,0,0,0,0,0,1,0,1,0,1,0,0,1,1,0,0,0,0,0,2,0,0,0,1,0,1,1,0,2,0,0,0,0,1,2,1,0,0,0,0,2
sample_081,sample_081,0,0,2,0,0,2,2,2,0,1,0,0,1,1,0,0,2,0,1,0,2,1,1,2,0,1,2,0,2,1,1,0,1,0,2,1,1,1,2,1,0,1,0,1,2,1,0,0,1,0,1,0,0,0,0,1,1,1,0,2,2,0,1,0,2,2,0,2,0,1,0,1,1,0,1,0,0,2,0,1,0,1,0,1,1,1,0,0,1,0,0,1,0,0,0,0,1,0,0,0,0,0,2,1,0,1,0,1,1,1,1,0,0,0,1,2,1,1,1,1,0,0,0,0,1,1,1,1,0,0,0,0,0,0,0,1,1,0,1,0,0,0,0,0,0,1,0,1,2,2,1,0,1,1,1,0,0,0,0,0,2,0,0,0,0,1,0,0,1,0,0,1,1,0,0,1,0,1,2,0,0,0,0,1,0,1,1,2,0,0,0,0,0,1,0,0,0,0,1,1
sample_082,sample_082,0,0,0,0,1,2,1,1,0,1,1,0,1,0,0,0,1,0,0,1,1,0,0,1,0,1,1,1,1,0,2,1,1,1,1,1,0,0,0,0,2,0,0,0,0,0,1,0,2,0,1,0,1,0,0,0,1,0,0,1,0,0,1,1,2,2,0,1,1,1,0,0,1,0,1,1,0,1,0,1,0,1,0,0,1,0,0,1,2,0,2,1,1,0,0,0,0,1,0,0,1,1,0,0,0,0,0,1,0,1,1,1,0,2,0,0,0,1,2,2,2,1,0,2,1,1,1,1,1,1,0,0,2,0,0,2,1,0,1,0,1,1,0,1,0,0,0,1,0,1,0,0,0,0,1,1,1,0,0,0,0,0,0,0,0,1,1,0,2,1,0,0,0,0,0,0,1,0,1,1,1,0,2,0,0,1,0,0,0,0,0,0,1,2,1,1,1,0,1,1
sample_083,sample_083,0,1,1,0,1,2,1,0,1,1,1,1,0,1,1,0,1,0,1,1,1,0,0,0,0,1,1,1,1,1,0,0,2,1,0,0,1,0,0,0,0,0,0,0,0,0,0,0,2,0,1,0,0,0,0,0,0,1,0,0,0,2,1,2,1,2,0,1,0,1,0,1,0,0,0,0,0,2,0,0,0,2,1,0,0,0,0,1,0,1,1,1,0,0,0,0,0,0,0,0,1,0,1,0,0,0,0,1,0,1,1,0,1,1,0,0,2,0,0,0,0,1,0,0,0,0,1,2,0,0,0,1,1,0,1,1,1,0,0,0,0,0,0,0,0,0,1,1,0,1,0,0,1,0,0,2,1,1,0,0,1,1,0,0,2,0,0,0,1,0,0,1,0,0,0,0,1,0,1,0,0,0,2,1,0,1,0,0,2,0,0,1,1,0,0,0,0,2,1,2
sample_084,sample_084,2,0,1,1,0,1,0,0,0,0,0,0,1,2,0,0,1,0,1,1,2,0,0,2,1,1,0,1,1,1,1,0,2,2,1,0,0,1,1,0,1,1,0,1,1,1,0,0,1,0,2,0,0,2,1,1,2,0,0,1,0,1,1,1,2,1,0,1,0,2,1,0,1,1,1,1,0,1,0,1,0,1,0,1,0,0,0,0,0,2,1,1,0,0,0,0,1,1,1,0,0,1,1,0,1,0,2,0,0,0,0,0,1,0,0,0,0,0,0,0,1,1,0,1,1,0,0,1,0,1,0,0,0,0,0,1,1,0,2,0,1,1,1,1,2,1,1,1,1,1,0,0,0,0,1,1,2,0,1,1,2,0,0,1,2,2,0,0,1,0,0,0,0,0,0,0,1,0,1,0,1,0,1,0,1,1,0,0,0,1,0,0,0,0,1,0,0,0,1,0
sample_085,sample_085,1,1,0,0,0,2,0,1,0,2,1,0,1,1,0,1,0,0,0,1,0,1,0,1,0,1,1,0,1,0,0,0,1,1,0,0,1,1,0,0,1,0,1,0,2,0,0,0,0,0,2,0,1,0,0,0,0,0,2,0,0,1,1,0,1,1,0,1,0,1,0,2,2,0,0,1,0,1,0,0,0,0,0,0,0,0,0,1,1,0,1,1,1,0,0,0,0,2,1,0,0,2,1,0,1,0,0,1,0,1,0,1,0,1,1,0,1,1,0,1,1,0,0,1,1,0,1,1,0,1,0,2,1,0,1,0,2,1,1,0,0,0,0,0,0,0,0,0,1,1,1,0,0,1,0,0,2,1,1,0,1,1,2,0,1,0,1,0,1,0,0,1,1,1,0,0,2,0,2,0,1,2,0,1,0,1,1,0,2,0,0,0,1,1,0,1,1,0,0,1
sample_086,sample_086,1,0,1,1,0,1,1,0,0,1,1,1,0,0,2,1,1,0,1,2,1,0,1,1,0,0,0,2,1,1,1,1,1,1,0,1,0,1,0,1,2,0,1,1,0,0,0,0,0,0,1,1,1,0,0,1,1,0,1,1,1,1,0,0,1,0,1,0,0,1,0,0,1,0,2,1,1,0,0,0,0,1,1,2,1,0,0,1,0,2,1,0,1,0,0,0,0,0,1,1,0,0,1,1,1,0,0,0,0,2,0,1,0,0,0,0,1,1,0,1,1,0,0,1,2,0,0,1,0,1,0,2,2,0,1,0,1,0,0,1,0,0,1,0,1,0,0,0,0,0,2,1,0,0,0,1,0,1,1,1,0,1,1,0,1,0,1,2,0,1,0,2,0,1,1,0,1,1,1,0,1,0,0,0,0,1,2,0,0,0,0,0,2,0,0,1,0,0,0,0
sample_087,sample_087,0,0,1,0,0,0,0,2,0,2,0,1,0,1,0,1,0,0,1,1,0,0,0,0,0,0,0,1,1,2,1,0,1,2,1,0,0,0,1,1,1,1,0,1,0,1,0,0,0,0,2,2,1,1,0,0,0,0,0,1,1,1,1,1,1,1,1,0,0,0,0,2,0,1,1,0,2,2,0,1,1,1,0,0,2,0,0,0,0,1,0,1,1,0,0,0,0,0,0,1,1,0,0,0,0,0,0,2,0,0,1,1,1,1,0,1,1,1,1,0,1,0,0,1,0,0,1,1,1,2,0,1,1,1,1,2,2,1,0,0,0,1,0,0,2,1,0,0,1,1,0,0,0,0,0,0,2,1,0,0,1,0,0,1,1,2,1,0,2,0,1,1,0,1,1,0,0,0,2,0,0,0,1,1,0,2,0,0,0,2,0,0,0,0,1,1,0,0,0,0
sample_088,sample_088,0,0,2,0,0,0,0,0,0,1,0,1,0,0,0,0,0,0,1,1,2,2,0,1,0,1,2,0,0,0,1,0,0,1,2,0,1,0,1,0,2,0,0,1,0,1,0,0,1,0,2,1,1,1,1,0,1,1,0,1,0,1,0,1,1,0,0,1,0,0,0,1,1,0,1,0,1,1,0,0,0,1,0,1,0,0,1,0,0,1,1,0,0,1,0,0,2,0,0,0,1,1,0,1,1,0,0,1,0,0,1,0,1,1,1,0,0,0,0,1,0,2,0,2,1,1,0,1,0,1,0,1,1,0,0,2,1,0,2,0,0,0,1,2,0,0,0,0,2,1,0,0,1,1,0,1,1,1,2,0,1,0,0,0,0,0,1,0,2,0,0,0,0,0,0,0,1,0,2,1,1,0,0,0,0,1,0,0,1,1,0,0,0,1,1,0,0,0,0,1
sample_089,sample_089,1,0,2,1,0,1,1,1,0,1,1,0,1,1,0,0,0,1,2,1,1,0,0,2,0,1,0,1,0,0,1,0,2,1,0,1,0,0,1,0,2,0,0,0,1,0,0,1,1,0,1,0,1,0,1,0,2,0,0,1,0,1,1,1,0,0,1,1,0,1,0,0,0,0,2,0,2,1,0,1,0,0,0,0,0,0,0,1,1,0,1,1,1,0,0,0,0,1,0,0,0,1,1,0,0,0,0,1,0,1,0,1,0,2,1,0,0,0,0,0,1,1,0,2,1,1,0,0,0,1,0,0,1,0,2,0,1,0,0,1,0,0,1,1,0,0,0,0,0,1,1,1,0,1,0,1,1,0,0,0,1,0,1,0,1,1,1,0,1,0,0,1,0,0,0,0,2,0,0,0,0,0,1,0,0,2,2,0,1,0,0,0,0,0,0,1,1,1,0,0
sample_090,sample_090,1,0,1,1,0,0,1,1,1,1,2,0,0,0,2,1,0,0,0,0,1,0,0,1,0,1,1,2,0,0,0,0,2,0,0,0,0,1,0,0,2,1,2,0,0,2,0,0,1,0,0,0,1,2,1,1,2,2,0,2,0,2,1,1,0,2,1,2,1,0,0,0,0,0,0,0,1,2,0,1,2,2,0,2,1,0,0,1,1,1,1,1,0,0,0,1,0,0,1,0,0,0,0,0,1,0,0,1,0,1,1,0,0,2,0,1,1,0,0,0,0,0,0,0,0,0,1,1,0,0,0,0,0,0,1,2,0,1,1,0,0,0,1,2,0,1,0,1,1,0,1,0,0,1,0,0,1,1,2,0,0,0,0,0,0,0,0,0,1,0,0,0,0,1,0,1,0,0,0,0,0,0,1,0,0,0,1,0,1,0,0,0,0,2,0,0,0,1,0,0
sample_091,sample_091,0,0,0,0,0,1,0,1,1,0,1,0,1,1,1,0,0,0,0,0,1,1,0,1,1,1,1,0,0,1,2,0,0,1,0,0,0,0,2,1,1,0,0,0,1,0,0,0,0,0,1,1,0,1,2,1,2,1,0,1,0,1,2,0,0,2,1,1,1,1,0,1,1,0,1,1,1,2,0,2,2,1,1,1,0,0,0,0,0,1,0,1,1,1,0,0,0,0,1,0,1,1,0,1,1,0,1,1,1,0,1,1,1,1,0,1,0,1,0,0,0,0,0,2,2,0,1,1,0,0,0,0,2,0,2,1,1,0,1,0,1,2,0,1,1,0,0,1,0,1,0,0,0,0,0,1,1,1,1,0,1,0,1,0,1,1,1,0,1,0,0,0,1,0,0,0,0,0,1,0,1,1,0,0,1,2,1,1,1,0,0,0,0,2,2,0,1,0,0,1
sample_092,sample_092,0,2,2,0,0,1,0,0,0,1,2,0,0,0,1,0,0,0,0,1,0,1,0,0,0,2,1,1,0,1,1,1,1,2,1,0,1,1,0,0,0,0,0,0,2,1,0,0,1,0,0,2,0,0,1,0,0,0,0,1,0,0,1,1,1,0,0,2,0,2,0,2,0,1,0,0,1,1,0,0,1,1,0,0,0,0,1,0,1,1,1,0,0,0,0,0,0,0,0,0,1,1,0,0,0,0,0,0,0,1,0,1,1,1,0,0,2,1,0,0,1,0,1,1,1,1,1,0,0,2,0,1,0,0,1,2,1,0,1,0,1,0,0,1,0,0,0,0,1,0,1,1,0,0,0,1,1,0,0,0,1,0,0,0,1,1,0,0,1,0,0,2,0,0,1,0,1,0,1,1,1,0,1,0,1,0,0,0,0,0,0,2,1,0,2,0,0,0,1,0
sample_093,sample_093,0,1,1,0,0,0,0,2,0,2,1,0,1,0,1,0,0,0,1,1,0,1,1,0,0,1,0,1,1,1,0,0,1,2,2,0,0,0,1,0,0,0,1,0,0,0,1,1,1,0,0,1,0,0,0,1,1,0,0,1,0,0,1,1,1,1,0,1,1,0,0,0,1,0,2,0,0,0,0,0,1,1,0,2,0,0,0,0,2,1,1,0,1,0,0,0,0,0,0,0,0,0,0,0,1,0,0,1,0,0,1,2,2,1,0,1,1,0,0,0,1,0,0,1,1,0,0,0,1,1,1,1,1,0,2,0,1,0,1,0,0,0,1,0,0,0,0,0,2,0,0,0,0,1,0,1,0,2,0,0,0,1,0,0,0,1,1,1,1,0,0,1,1,1,0,1,0,0,0,0,0,0,1,1,0,1,0,0,2,2,1,0,1,0,0,0,1,1,0,1
sample_094,sample_094,0,0,1,0,0,0,1,1,0,0,1,0,1,0,0,0,0,0,0,2,1,2,2,0,0,0,2,2,1,2,1,0,1,1,1,0,0,0,1,0,0,0,0,0,0,0,0,0,2,0,2,1,1,1,1,0,2,1,0,1,0,2,1,2,2,0,0,0,0,1,0,1,0,0,1,2,0,1,0,1,0,0,0,1,1,0,0,1,0,1,1,0,1,0,0,0,0,1,1,0,2,0,0,0,0,0,0,0,0,1,0,1,0,1,1,0,1,0,0,0,2,2,0,2,1,1,0,0,0,1,0,0,0,0,2,0,1,0,1,0,0,0,1,1,0,0,0,0,1,1,1,0,0,2,0,0,0,1,1,0,1,0,0,0,2,0,0,1,2,0,0,1,0,0,0,1,1,0,0,0,0,0,2,0,1,1,2,1,0,1,1,1,1,0,1,0,0,0,0,0
sample_095,sample_095,1,1,1,1,0,1,0,1,0,2,2,0,1,1,1,1,1,1,1,1,1,1,1,0,0,0,0,1,0,0,0,1,0,1,1,0,0,0,1,2,1,1,0,1,0,1,0,0,1,0,1,0,1,1,1,1,2,1,0,2,1,1,0,0,1,0,0,1,0,1,0,1,0,0,0,2,0,0,0,1,0,0,0,0,0,0,0,0,0,2,0,2,0,1,0,0,0,2,1,0,1,1,0,0,1,0,0,0,0,1,0,0,2,1,0,0,1,2,1,0,1,1,0,1,1,1,1,0,1,2,0,1,1,0,1,0,0,1,0,0,1,1,1,1,0,1,0,1,1,1,0,1,0,0,0,0,0,2,1,0,1,0,1,0,1,0,1,0,1,0,0,0,0,0,0,0,1,0,1,1,0,0,1,0,0,2,0,0,0,1,0,0,0,0,0,0,0,0,1,1
sample_096,sample_096,0,1,1,0,0,1,0,0,1,1,1,0,0,1,1,1,1,1,0,1,0,1,0,0,0,1,1,1,0,0,0,1,1,1,0,1,0,0,2,1,0,0,0,0,0,0,1,1,2,0,2,1,1,0,2,0,1,1,0,0,0,0,1,1,0,1,0,0,0,2,0,0,1,1,1,0,1,2,0,0,1,1,0,0,0,2,0,2,0,1,2,1,1,0,1,0,1,0,0,0,0,1,0,0,1,0,0,2,0,0,0,1,1,0,1,0,0,0,0,1,0,1,0,1,1,1,1,0,1,0,1,1,1,0,1,1,1,1,0,0,0,0,0,0,1,0,1,1,2,0,1,0,0,0,1,0,0,1,0,1,1,0,1,0,0,0,0,1,1,0,0,0,0,0,1,1,1,1,1,0,0,0,2,0,1,1,0,0,0,1,0,1,1,1,1,0,1,1,1,1
sample_097,sample_097,0,0,2,0,0,1,0,2,0,0,1,0,1,0,0,0,1,1,1,1,1,0,2,1,0,0,0,1,1,1,0,0,2,1,1,0,0,0,1,0,1,1,0,0,0,0,0,0,2,1,0,0,1,0,1,0,1,2,0,0,0,1,0,1,0,2,0,2,1,1,1,1,1,0,0,1,2,1,0,0,0,0,0,2,1,0,0,2,1,2,2,2,1,0,0,1,0,1,1,1,1,1,2,0,0,1,0,0,1,1,1,1,0,1,1,0,0,0,0,0,0,0,0,0,1,0,0,1,0,0,0,1,1,0,0,1,0,0,2,0,1,1,1,1,2,0,0,0,1,1,1,0,1,0,0,0,0,0,0,0,1,2,1,0,0,1,1,1,1,0,0,1,0,0,0,0,0,0,1,1,0,0,1,0,0,1,0,0,0,2,0,0,0,0,0,0,0,0,0,1
sample_098,sample_098,2,2,1,0,0,1,0,1,0,1,0,0,1,1,0,1,0,0,0,1,0,0,1,0,0,0,0,1,0,1,1,0,1,0,1,0,0,0,1,0,2,0,1,1,0,2,0,0,1,0,1,1,0,0,1,0,1,0,1,1,0,1,0,2,1,1,0,1,1,2,1,0,0,0,0,0,0,2,0,1,0,0,0,0,0,0,0,2,0,2,1,0,1,1,0,0,0,0,1,0,2,0,0,0,0,0,1,1,0,0,0,2,0,1,1,0,0,1,1,1,1,0,2,2,2,1,0,1,0,2,0,0,2,0,1,1,1,0,1,0,0,0,0,2,0,0,0,0,0,1,0,0,0,1,0,0,0,0,0,0,1,0,1,0,0,0,1,2,1,0,0,0,0,0,0,0,2,0,1,1,0,1,0,0,0,0,1,0,1,0,0,0,2,0,0,1,0,1,0,0
sample_099,sample_099,0,1,0,1,0,0,0,1,0,1,1,0,0,0,0,2,1,0,0,2,0,1,1,1,1,1,0,1,0,0,0,0,1,0,2,0,0,0,1,0,0,1,1,1,1,0,1,0,1,0,2,1,1,0,0,1,2,1,0,1,1,1,0,1,1,0,0,0,1,1,0,0,1,0,0,0,0,1,0,0,0,1,1,1,1,0,2,0,0,2,0,0,1,0,0,0,0,0,1,0,1,1,2,0,1,0,0,0,0,1,1,1,1,2,0,0,0,1,1,1,1,0,0,2,2,1,1,0,0,0,0,1,0,1,0,0,1,0,0,0,1,1,1,0,0,0,0,1,2,0,1,1,0,1,1,0,0,1,0,0,0,0,0,0,1,0,1,0,1,0,0,0,0,0,1,0,1,0,0,0,0,0,2,1,0,0,0,0,1,0,0,0,0,1,1,1,0,0,0,0
sample_100,sample_100,0,2,2,0,0,1,0,0,0,2,2,0,2,0,1,0,1,0,0,2,0,2,0,1,1,1,0,1,0,0,1,0,2,1,1,0,1,1,0,1,2,0,0,0,0,1,0,0,1,0,1,1,1,0,1,0,1,1,0,1,0,2,1,2,1,1,0,1,1,0,0,0,1,0,0,1,0,0,1,2,0,1,1,1,1,0,0,2,0,2,2,1,1,0,2,0,1,0,1,0,0,0,2,0,1,0,2,2,0,0,2,0,0,1,0,1,0,1,0,1,2,0,0,0,0,0,0,1,0,1,0,0,1,0,2,1,0,1,1,0,0,1,2,2,1,0,0,1,0,1,0,0,1,0,0,1,0,2,1,0,0,0,0,0,2,1,1,0,1,0,0,0,0,1,0,0,1,0,1,0,0,0,0,0,0,1,1,0,1,1,0,0,0,0,0,0,0,1,0,1
sample_101,sample_101,1,0,0,1,0,2,1,1,1,2,2,0,1,1,2,0,2,0,0,1,2,1,0,0,1,2,0,2,1,1,1,0,0,1,1,0,0,1,0,0,2,1,1,2,0,1,2,0,0,0,2,1,0,1,0,0,1,0,0,0,0,0,0,0,1,0,0,1,0,2,0,1,0,1,1,1,1,1,0,1,0,0,0,1,0,1,0,0,0,1,1,1,0,0,1,0,0,0,1,0,0,1,1,1,1,0,0,0,0,0,0,1,0,0,0,0,2,1,0,0,0,0,0,2,1,0,1,1,0,0,1,1,1,0,2,1,0,0,1,0,0,1,0,1,0,1,0,1,0,1,1,0,0,0,2,1,1,1,1,0,0,1,1,0,1,0,1,0,0,0,0,0,0,0,1,1,0,0,0,0,1,0,1,0,0,2,0,1,0,1,0,0,1,2,0,0,0,0,0,0
sample_102,sample_102,1,1,0,0,0,0,1,1,0,1,0,0,1,0,1,0,0,0,1,1,1,2,0,1,0,0,1,1,0,1,1,1,1,1,0,0,0,0,0,0,2,0,0,1,0,1,0,1,1,0,1,1,0,1,0,0,1,0,0,1,0,1,0,1,1,2,0,1,0,2,0,1,1,1,1,1,0,1,0,1,1,1,0,0,0,0,0,2,0,1,1,0,2,0,0,0,0,0,2,1,2,0,1,0,1,0,0,1,0,2,1,0,1,0,0,1,1,0,0,1,1,1,0,2,1,0,0,1,1,1,1,0,1,0,1,2,1,0,1,0,0,1,1,0,1,0,0,0,0,0,0,1,0,1,1,0,0,0,0,0,1,0,0,1,1,0,0,0,2,1,1,1,0,0,1,1,1,0,0,1,0,1,0,0,0,2,0,1,1,1,0,0,0,1,1,0,0,0,0,0
sample_103,sample_103,0,0,0,2,0,0,1,2,0,0,1,0,0,0,1,0,1,0,0,2,0,1,1,0,0,0,0,1,1,1,0,0,1,2,0,0,0,0,1,0,1,0,0,0,0,1,0,1,1,0,1,1,2,0,0,0,0,1,0,0,0,1,0,1,1,0,1,0,0,0,0,1,0,0,0,1,1,0,0,0,0,0,0,0,0,0,0,0,1,1,0,2,1,0,0,0,0,0,1,0,0,1,0,0,0,0,0,2,0,0,0,1,0,0,0,1,2,1,1,0,1,0,0,0,0,1,0,0,0,1,0,1,1,0,1,0,1,0,0,0,0,1,1,2,1,1,0,0,1,0,0,0,0,1,1,1,0,0,1,0,1,1,0,0,1,0,0,0,0,0,0,2,0,2,0,1,1,0,1,0,1,0,1,0,1,0,0,0,0,0,0,1,0,2,2,2,0,0,0,1
sample_104,sample_104,0,0,1,1,0,1,1,1,0,0,0,2,0,0,1,0,2,0,1,1,0,0,1,1,0,2,0,2,0,1,1,0,0,1,0,0,0,1,2,1,1,0,1,1,0,1,1,0,0,0,1,0,0,0,0,0,1,2,0,1,0,1,1,0,1,1,1,1,1,2,0,1,1,0,0,0,1,2,0,1,1,0,1,1,0,1,0,2,0,2,0,1,0,0,0,0,1,1,0,0,1,1,1,0,1,0,0,1,0,0,2,2,0,0,1,1,1,1,1,0,0,0,0,1,1,0,0,0,1,1,0,1,1,0,0,1,1,0,0,0,0,2,0,1,0,0,0,0,1,0,0,0,0,1,0,0,1,1,2,0,1,0,0,0,1,0,0,1,0,1,0,2,0,0,0,1,1,1,1,2,1,0,1,1,0,2,1,0,0,0,0,0,1,0,0,0,0,1,1,0
sample_105,sample_105,0,1,0,1,0,1,0,0,1,1,1,0,2,0,1,0,1,0,1,1,1,2,1,1,1,0,0,1,0,1,0,1,1,1,1,0,1,1,0,1,1,0,2,0,1,0,1,0,0,0,1,1,2,0,2,0,1,0,0,0,2,1,0,1,0,2,0,1,0,0,1,1,1,0,1,1,0,1,1,0,1,1,0,2,0,0,0,0,0,0,0,0,1,0,1,0,1,0,1,1,1,2,1,0,0,1,0,0,0,0,1,0,1,1,0,1,1,0,0,0,1,1,0,1,0,0,0,0,0,1,0,1,1,0,0,0,1,0,1,0,1,1,0,1,1,1,0,0,0,0,2,0,0,2,0,1,1,0,1,0,1,0,0,0,1,0,1,0,0,0,1,1,0,1,0,1,1,0,2,0,0,0,1,0,0,1,0,0,0,1,0,0,1,0,0,0,0,0,0,1
sample_106,sample_106,2,2,0,0,0,1,0,2,0,1,2,0,1,0,1,0,1,1,1,1,1,1,1,1,1,1,0,0,0,1,0,0,1,1,1,1,1,0,0,0,0,0,0,0,1,0,1,0,2,0,1,0,0,0,0,0,0,1,0,2,1,0,0,0,1,0,0,1,0,1,1,0,1,0,1,2,2,1,1,0,0,0,0,1,0,0,0,1,1,0,1,0,1,0,0,0,1,1,1,0,0,1,0,1,0,1,0,2,0,1,1,0,2,0,0,0,0,1,0,1,1,0,0,0,1,0,1,1,0,0,0,1,0,0,0,2,1,0,1,0,1,2,0,0,0,0,1,0,1,1,0,1,0,1,2,0,1,1,2,0,1,0,0,0,0,0,0,0,0,1,0,1,1,0,0,1,0,0,2,1,0,0,1,0,0,2,1,0,0,1,0,1,1,0,0,0,0,0,0,0
sample_107,sample_107,0,2,1,2,0,2,0,2,0,1,0,0,1,1,1,0,0,0,1,2,1,1,0,1,0,1,0,1,0,0,1,0,1,0,2,1,0,0,0,0,0,0,1,1,1,1,1,0,0,0,0,1,0,0,0,0,0,0,0,1,0,1,1,0,0,2,1,0,0,1,0,1,1,0,0,1,0,1,0,0,1,1,0,1,0,0,0,1,0,0,0,2,1,1,1,0,0,0,0,0,0,1,1,0,1,0,0,1,0,0,0,0,0,1,0,0,0,0,0,1,1,0,0,1,2,0,1,1,1,2,0,2,2,0,0,1,1,0,1,0,1,0,1,1,0,0,0,0,0,0,0,0,0,2,0,0,1,0,0,0,0,1,0,0,0,0,1,0,1,0,0,1,0,1,1,0,1,0,2,0,1,0,2,0,0,2,0,0,2,0,0,0,0,1,1,0,0,0,0,1
sample_108,sample_108,1,1,2,0,0,1,0,2,0,1,1,1,1,0,2,0,0,1,1,1,1,0,1,1,0,0,1,0,1,1,1,0,0,1,2,1,0,0,1,1,2,0,0,0,0,0,0,1,1,0,1,1,2,1,0,0,1,1,0,1,0,0,1,1,1,0,0,0,0,2,0,1,0,0,0,0,0,2,0,1,0,0,1,1,0,1,0,2,1,2,0,1,0,0,0,0,1,0,1,1,0,2,1,0,1,0,0,0,0,1,0,1,1,1,0,0,0,0,0,0,0,0,0,1,1,1,1,0,0,2,1,0,2,0,0,1,2,0,1,0,1,0,2,0,0,0,0,0,2,1,1,0,1,0,1,1,0,0,1,0,0,0,1,0,1,1,1,0,2,1,0,1,1,0,0,0,0,2,1,0,1,0,1,0,0,1,0,0,0,1,1,0,1,0,1,0,0,1,0,2
sample_109,sample_109,1,1,2,1,2,0,1,1,0,2,0,0,1,1,2,0,1,0,1,1,1,1,0,0,1,0,0,1,0,0,0,0,2,1,1,0,0,1,1,1,0,0,0,0,0,1,0,0,1,0,2,2,0,0,0,0,2,1,0,1,0,0,0,0,2,0,1,0,0,1,0,0,0,0,0,0,0,0,0,0,0,0,1,1,0,0,0,0,1,1,2,2,0,0,0,0,2,0,1,1,2,2,1,1,0,1,0,1,0,0,0,1,1,1,1,0,0,0,1,1,0,1,0,0,1,0,1,0,1,0,0,0,2,0,1,0,1,0,0,0,0,1,1,1,1,0,0,1,0,0,1,2,1,1,1,0,1,0,2,1,1,0,0,1,1,0,1,0,1,1,0,2,0,0,1,0,1,1,0,0,1,0,2,0,0,2,1,0,2,0,0,0,0,0,0,0,0,1,0,0
sample_110,sample_110,1,2,1,0,0,0,1,2,0,2,1,0,0,1,0,0,1,0,0,0,0,0,0,0,0,1,0,2,1,0,2,0,1,0,2,0,0,1,1,0,2,0,0,0,1,2,1,0,1,0,0,0,1,0,0,0,1,0,0,0,0,1,0,1,0,0,0,1,0,2,0,2,1,0,2,1,1,1,0,0,1,1,0,1,0,0,0,0,1,2,2,0,0,0,0,0,0,0,1,0,1,1,1,0,0,0,0,1,0,1,0,1,0,1,0,1,1,0,0,1,0,2,0,1,1,0,1,1,0,1,0,1,1,0,0,2,1,0,1,0,0,1,0,1,1,0,0,0,1,1,1,0,1,1,0,1,1,0,0,0,0,0,0,0,0,0,2,0,2,0,1,1,0,0,0,0,0,1,1,0,0,0,2,0,0,2,1,1,1,0,1,0,1,2,0,1,0,2,0,0
sample_111,sample_111,0,0,1,0,0,2,1,0,0,1,1,1,1,0,1,1,0,0,2,0,2,1,1,1,0,0,0,1,1,1,0,0,1,2,1,1,0,0,0,0,0,0,1,0,1,1,0,0,1,0,1,0,1,0,1,0,2,0,0,1,0,2,0,1,0,1,1,0,0,0,0,0,0,1,2,0,0,2,0,1,0,0,0,0,1,0,0,1,0,0,2,1,0,1,0,1,1,0,0,2,0,1,1,0,1,0,0,0,0,0,0,1,1,0,1,0,0,0,0,0,1,2,0,1,0,0,2,0,1,2,0,1,1,0,1,0,2,0,2,0,0,1,0,1,1,0,1,1,1,0,1,1,1,1,1,0,0,0,0,0,1,0,0,0,1,1,1,1,2,1,0,0,0,1,0,0,0,0,2,0,0,0,1,0,1,1,1,0,0,2,0,0,1,1,1,0,0,0,1,0
sample_112,sample_112,1,0,2,0,0,1,1,0,0,0,0,1,1,1,0,0,0,1,2,0,1,0,0,2,0,1,1,1,0,0,1,1,1,1,1,0,0,0,2,0,2,0,0,0,0,1,1,1,1,0,1,1,1,0,0,0,0,0,0,1,0,1,1,1,0,2,0,0,0,2,1,0,0,0,0,1,1,0,0,0,1,0,0,0,0,0,1,0,1,0,1,1,0,1,0,0,1,1,0,0,0,0,1,0,1,0,0,0,0,2,0,1,0,0,0,1,1,0,1,0,2,0,1,1,2,0,2,1,0,1,0,1,1,0,0,1,0,1,0,0,1,1,0,1,0,0,0,0,2,0,0,0,2,0,0,1,2,1,0,0,2,1,0,0,1,1,1,0,1,0,0,1,0,0,0,0,1,0,1,0,0,0,1,1,1,1,0,0,0,0,0,0,0,2,0,0,0,0,0,0
sample_113,sample_113,0,0,1,1,0,1,0,1,0,0,1,0,0,0,2,1,1,1,0,1,1,0,1,1,0,1,0,1,1,0,0,0,1,2,2,0,0,1,1,0,1,0,1,1,0,0,0,0,0,0,0,1,1,0,0,0,1,0,0,1,0,0,0,1,1,1,1,0,0,1,0,1,0,0,0,0,1,1,0,0,1,2,0,1,0,1,0,2,0,0,2,0,2,0,1,1,1,1,0,0,0,1,0,1,1,0,0,1,0,0,1,1,1,1,1,1,0,1,0,0,0,0,0,1,2,0,0,0,1,0,1,1,2,0,0,1,1,0,1,0,0,1,1,0,0,0,0,0,0,0,1,0,0,2,0,0,0,0,0,0,0,0,1,0,1,0,0,1,1,1,0,2,0,1,0,1,1,0,0,0,1,0,2,0,0,1,1,1,1,1,0,0,1,2,1,0,1,0,0,1
sample_114,sample_114,1,1,0,0,0,2,0,0,0,1,1,0,2,1,0,0,1,0,1,1,0,0,0,2,0,1,1,2,1,0,1,0,0,0,2,0,0,0,1,0,1,0,0,1,0,2,0,1,1,0,1,0,2,1,0,0,1,1,1,1,0,0,0,1,0,1,0,0,0,2,0,0,0,0,0,1,1,0,0,0,1,1,0,0,0,1,1,1,0,1,1,1,1,0,1,0,1,1,0,0,0,0,0,0,0,0,1,0,0,2,1,1,0,0,0,1,1,0,1,0,0,0,0,1,1,0,0,0,0,0,0,0,1,0,1,1,0,0,1,0,0,1,0,0,0,0,0,0,1,1,1,0,0,2,0,0,0,2,1,1,0,1,0,0,1,1,1,0,1,0,0,1,1,0,0,0,0,0,0,0,1,1,1,0,1,0,1,0,0,0,1,0,0,0,0,1,0,0,0,0
sample_115,sample_115,0,0,0,1,0,1,0,1,0,1,0,0,0,1,1,1,0,1,0,2,1,1,0,0,0,1,0,1,0,0,0,0,1,1,1,1,1,0,1,1,1,0,0,2,1,0,0,0,0,0,0,0,0,1,1,1,2,1,0,0,0,1,1,0,0,1,0,1,0,1,0,1,1,0,2,1,0,2,0,0,1,1,1,0,2,1,0,2,1,2,1,0,1,0,0,0,1,0,2,1,0,0,0,0,0,1,0,0,0,1,1,1,0,0,0,1,1,1,0,1,1,0,0,1,0,1,1,0,0,1,0,0,2,0,1,1,1,0,1,1,0,2,1,0,0,0,0,0,0,1,0,1,0,2,0,0,1,0,1,0,1,0,0,0,2,1,1,0,2,0,0,1,1,0,0,1,1,0,2,0,0,0,0,0,0,0,0,1,0,0,0,0,1,0,0,0,0,0,0,1
sample_116,sample_116,0,0,1,1,0,1,1,1,0,1,2,0,0,0,1,0,1,0,0,0,2,1,1,2,0,2,1,2,1,1,0,0,0,1,1,0,0,0,1,1,2,0,0,0,1,1,1,0,1,0,1,1,1,0,0,0,1,1,0,1,0,1,0,1,0,2,1,1,0,1,0,1,0,0,1,1,1,0,0,0,0,0,1,0,0,0,0,1,1,1,1,1,0,0,0,0,0,0,1,1,1,1,1,0,1,0,0,0,0,2,1,2,1,0,1,1,0,1,1,1,1,0,0,1,1,0,0,1,0,1,1,1,1,0,1,2,0,0,2,0,1,1,0,0,0,0,0,1,1,1,1,1,0,2,0,1,0,1,2,0,1,1,1,0,1,0,0,0,1,1,0,0,0,0,0,0,2,1,1,0,0,1,1,0,0,0,1,0,1,1,0,0,1,0,1,0,0,0,0,0
sample_117,sample_117,1,2,0,0,0,0,0,0,0,1,1,0,1,1,0,0,1,0,0,1,1,0,0,1,1,2,0,2,0,1,0,1,0,1,1,1,0,0,1,1,1,0,1,1,0,2,0,0,1,0,2,1,0,1,1,1,1,1,0,1,0,1,1,2,1,1,0,0,0,2,0,0,1,0,1,1,0,0,1,1,0,1,0,0,0,0,0,0,0,2,1,2,2,0,1,0,0,1,2,1,0,0,1,0,1,0,0,0,0,1,0,0,1,2,1,0,0,0,0,1,0,1,0,0,1,0,0,0,0,0,0,2,0,0,1,2,1,1,1,0,0,0,1,1,0,0,0,1,0,0,1,0,0,2,0,0,0,0,0,1,1,0,0,0,1,1,1,1,0,0,0,2,0,1,0,0,2,0,1,0,1,0,1,0,0,2,0,0,1,0,1,0,0,2,1,0,0,0,0,1
sample_118,sample_118,1,1,2,0,0,2,0,0,0,0,1,0,1,0,2,0,1,1,1,1,0,0,1,0,0,0,2,0,0,2,2,0,2,2,1,0,0,1,0,0,2,0,1,1,2,0,1,0,1,0,2,1,1,0,0,1,2,1,0,1,2,1,1,2,1,0,0,1,0,0,0,0,0,0,0,0,1,1,0,0,1,0,1,1,0,0,0,0,0,1,1,1,1,1,0,0,0,1,1,1,0,2,1,1,0,0,0,1,0,1,0,1,0,1,0,0,1,1,1,0,1,0,0,0,0,1,0,1,0,2,1,0,2,0,1,2,0,0,1,0,0,0,0,1,1,1,0,0,1,1,0,0,1,0,0,1,2,0,0,0,0,0,0,0,1,0,1,0,1,0,0,1,0,1,0,0,1,1,1,1,1,0,1,0,0,1,2,0,1,0,0,0,0,1,1,0,1,0,1,0
sample_119,sample_119,0,0,1,2,1,0,0,1,0,1,0,0,1,0,1,0,1,0,0,1,1,1,1,0,1,1,0,1,1,1,2,0,2,2,2,0,0,0,1,0,1,0,0,0,0,1,1,0,1,0,1,0,0,1,0,0,1,0,0,1,1,1,0,2,1,0,0,0,0,2,0,0,0,0,0,0,1,1,0,2,0,0,0,1,1,0,0,1,0,1,2,0,0,0,0,0,0,1,0,0,0,1,1,0,2,1,0,0,0,1,1,1,2,1,1,0,0,0,0,0,1,0,0,1,0,0,1,0,1,1,0,1,2,0,0,1,1,0,1,0,0,0,0,0,1,0,0,1,1,0,0,1,0,2,0,2,0,0,1,0,1,0,0,0,0,1,0,1,1,0,0,2,0,0,1,0,1,0,1,0,0,0,1,0,0,1,0,1,1,0,0,0,2,1,1,0,0,0,0,0
sample_120,sample_120,1,0,0,1,0,1,0,0,0,1,1,1,0,0,1,0,1,0,0,0,0,0,2,0,0,0,0,1,1,1,0,0,1,0,1,0,0,0,1,0,2,0,0,0,0,2,1,0,1,0,0,2,1,0,0,1,1,1,1,1,1,2,1,1,0,1,0,0,0,1,0,1,0,1,0,0,0,0,0,2,1,0,0,1,0,0,0,1,1,0,0,0,1,1,1,0,0,0,1,0,0,0,0,0,1,0,0,2,0,2,2,2,0,1,0,1,0,1,0,0,2,1,0,0,1,1,2,0,1,0,1,1,0,1,2,0,2,0,0,0,0,1,1,1,1,0,0,1,0,0,1,0,1,0,0,0,0,0,1,0,0,1,0,0,2,1,0,0,0,2,0,1,0,1,1,0,0,0,1,0,1,0,1,0,0,1,0,0,0,1,1,1,1,1,0,0,0,0,0,1
sample_121,sample_121,0,1,0,0,0,1,0,0,0,2,2,0,1,0,2,0,0,0,1,0,2,1,0,2,0,1,1,1,0,0,1,0,1,1,2,0,0,2,1,0,2,0,0,1,0,1,0,0,1,0,1,2,0,0,1,1,0,0,0,1,0,0,0,1,1,0,0,1,0,1,0,0,0,1,1,0,0,0,1,1,1,0,0,1,0,1,0,0,1,0,0,0,1,0,0,0,1,0,0,1,2,1,0,0,0,1,0,0,0,0,1,0,2,0,0,0,0,0,0,1,1,1,0,0,2,0,0,2,0,1,0,0,0,0,0,0,1,1,1,0,1,1,0,0,1,1,0,1,2,2,1,1,0,2,1,0,0,2,0,0,0,0,0,0,0,2,0,0,1,0,0,2,0,1,0,1,2,0,1,0,2,1,1,0,0,1,0,0,1,1,1,2,1,0,0,0,0,0,1,1
sample_122,sample_122,0,0,2,0,1,2,1,2,0,1,2,0,0,0,0,0,1,0,0,1,1,1,0,1,1,1,1,1,0,0,2,0,0,0,1,1,0,1,1,0,2,1,0,0,1,0,0,0,0,0,1,1,1,0,0,0,1,1,0,1,1,1,1,1,1,1,0,1,0,0,0,1,0,0,1,1,0,2,0,1,0,1,0,0,1,0,0,2,0,2,1,0,0,0,0,0,0,1,1,0,1,2,0,0,0,0,0,0,0,0,1,0,1,0,1,1,1,0,1,1,1,1,1,0,1,0,1,0,0,0,1,0,1,0,0,2,0,1,0,0,0,0,0,0,1,0,0,0,0,0,0,0,0,1,0,1,2,0,1,0,0,1,0,1,0,0,1,0,1,2,0,1,0,0,1,0,0,0,0,1,0,0,1,0,0,1,0,0,0,2,0,1,1,1,0,0,0,0,0,0
sample_123,sample_123,2,1,0,1,0,2,1,1,0,1,1,0,0,1,2,0,2,0,1,2,1,0,1,1,0,0,0,2,1,1,0,1,2,1,0,0,0,0,1,0,2,0,0,0,1,0,1,0,0,0,2,1,0,0,1,1,1,1,0,1,0,1,0,1,1,0,0,0,0,2,0,1,0,0,1,0,1,1,0,1,1,1,2,1,0,0,0,0,0,1,1,0,0,0,0,0,0,0,0,0,1,0,1,0,1,0,1,0,0,0,0,1,0,0,1,0,0,1,0,1,1,1,1,1,1,2,1,0,0,1,0,1,0,0,1,0,1,0,0,0,0,1,2,1,0,0,1,1,2,1,0,1,0,0,0,2,2,2,0,0,1,0,1,1,1,0,1,0,0,0,1,2,0,1,1,0,0,1,1,1,2,0,2,0,0,1,1,0,0,1,0,0,1,1,0,1,0,1,0,1
sample_124,sample_124,1,2,1,0,0,2,0,1,0,0,0,1,1,0,0,0,1,1,1,1,1,1,0,1,1,1,1,1,0,2,0,0,0,0,1,1,0,0,2,0,1,0,0,2,1,1,0,0,0,0,2,0,0,2,1,1,1,0,0,1,0,1,1,1,2,1,0,1,1,1,0,1,1,0,0,0,1,0,0,0,0,0,0,2,0,0,1,1,0,2,0,0,0,0,0,0,0,1,0,0,0,1,0,0,1,0,0,0,0,2,0,0,2,0,0,0,0,1,2,0,2,0,0,0,0,0,2,2,0,1,1,1,1,0,0,0,0,1,1,0,2,1,0,1,1,0,0,0,2,2,1,0,0,2,0,1,2,0,0,0,0,0,0,0,0,1,0,0,1,0,0,1,0,0,2,0,1,0,1,0,1,0,2,0,0,1,0,1,1,1,0,0,0,1,0,0,0,1,0,2
sample_125,sample_125,2,0,1,1,0,1,1,1,0,2,0,0,1,0,1,1,0,0,1,1,1,0,1,1,0,2,2,0,0,0,1,0,0,2,1,0,0,1,1,1,2,0,0,2,1,0,1,0,2,0,1,1,0,1,0,0,0,0,0,1,0,0,1,1,2,2,1,1,0,0,0,0,0,1,0,1,1,1,0,1,0,1,0,0,1,0,0,1,1,1,1,0,1,0,0,1,0,0,2,0,1,2,1,0,1,0,0,1,0,1,0,2,0,2,2,0,0,1,1,1,1,1,0,0,1,0,1,2,0,0,0,0,2,1,1,2,1,0,1,1,0,1,1,0,0,1,1,0,1,0,2,0,0,0,0,0,1,1,0,0,0,1,0,0,1,0,0,0,1,0,0,0,0,0,1,0,1,1,0,1,1,0,2,0,0,1,0,0,0,1,0,0,1,0,0,0,0,1,0,0
sample_126,sample_126,0,1,2,1,0,1,1,1,0,0,0,1,0,1,1,0,1,0,2,1,1,0,1,1,0,0,0,0,1,1,1,0,1,2,2,1,1,0,1,0,0,0,1,0,0,0,1,0,1,0,1,1,0,1,1,1,1,1,1,1,0,1,0,1,1,1,0,0,0,1,0,0,1,0,2,1,1,0,0,1,0,0,0,0,0,0,0,1,0,1,0,1,1,0,0,0,1,0,0,1,0,1,1,2,1,1,1,1,0,0,0,1,1,1,1,0,2,1,0,0,1,0,0,1,1,0,1,2,1,0,0,1,1,0,1,2,0,0,1,1,1,1,0,1,0,1,0,0,1,0,0,2,1,1,0,2,0,0,1,0,0,0,0,0,1,1,0,1,0,0,0,0,1,0,1,0,1,0,1,1,0,0,0,0,0,0,1,0,2,0,0,1,1,1,1,0,0,0,0,0
sample_127,sample_127,0,0,1,0,1,1,1,0,0,1,0,0,0,0,1,0,1,1,2,2,1,1,1,0,0,0,1,1,1,0,1,0,1,2,1,2,0,0,1,0,2,0,0,0,1,0,0,0,0,0,0,0,0,0,1,1,2,0,0,1,0,0,0,2,2,0,1,0,0,1,0,1,0,0,0,1,1,0,0,2,1,0,0,0,1,1,0,1,1,2,0,2,1,0,0,0,0,1,0,0,0,1,0,0,0,0,1,1,0,0,0,0,1,1,1,1,0,1,0,0,0,0,0,2,1,0,1,0,1,0,0,1,1,0,2,0,0,0,1,0,1,1,1,2,0,1,0,1,1,0,1,0,1,2,0,0,2,0,1,0,0,0,0,0,0,1,1,0,1,0,0,1,0,0,0,0,2,0,0,1,0,0,1,0,0,2,0,1,1,1,1,0,0,1,0,1,0,0,0,0
sample_128,sample_128,0,1,0,0,0,1,2,0,0,1,0,1,1,1,2,0,1,1,2,2,1,1,0,1,1,0,1,1,0,0,0,0,0,0,0,0,1,1,2,0,1,0,1,2,1,1,0,0,2,0,1,1,1,0,1,1,0,1,0,1,0,1,2,1,2,1,0,1,1,2,0,0,1,0,2,0,0,1,0,0,1,0,0,2,0,0,2,0,0,1,1,2,1,0,0,0,0,0,1,2,0,1,1,1,0,1,1,0,0,0,0,1,0,1,1,0,1,1,1,0,1,2,0,0,2,0,1,0,1,0,0,1,2,0,0,1,0,0,1,0,0,1,2,1,0,0,1,0,0,0,0,0,0,1,0,0,2,0,1,0,0,0,0,0,2,1,0,0,0,0,0,1,1,1,0,0,2,1,0,0,0,0,2,0,1,1,1,1,2,0,0,0,1,1,1,0,0,0,0,0
sample_129,sample_129,0,0,1,1,0,1,0,1,0,1,1,0,0,0,0,0,1,0,2,1,1,0,1,1,1,1,1,0,1,0,1,0,1,0,1,0,0,0,1,0,1,0,0,1,2,1,0,0,0,0,1,1,0,1,1,1,0,0,0,0,0,0,1,1,1,1,0,2,0,0,0,2,0,0,1,1,1,1,0,1,0,1,0,0,0,0,0,0,1,0,1,1,0,0,0,0,0,1,0,1,0,1,0,0,0,0,0,1,1,1,1,1,0,1,1,1,1,0,1,1,0,1,0,1,0,0,2,2,1,2,0,1,1,0,1,1,0,0,1,1,0,0,0,0,0,0,0,0,2,0,1,0,0,0,1,1,1,0,2,0,2,0,0,0,2,1,2,0,1,1,0,1,0,0,0,0,1,1,2,0,1,0,0,0,1,1,0,0,1,1,0,0,2,1,0,0,0,0,0,0
sample_130,sample_130,0,1,1,1,1,1,0,0,1,1,2,0,2,0,1,1,1,0,0,0,1,1,1,1,0,0,0,2,0,0,1,0,1,2,0,1,0,0,0,1,1,0,0,1,1,0,0,0,1,0,1,0,0,0,0,0,2,0,0,1,0,0,1,1,0,0,0,2,0,1,0,0,2,0,1,1,2,1,0,1,0,1,0,0,0,0,0,0,0,1,2,2,1,0,0,0,0,1,0,0,0,0,0,1,1,0,0,1,1,1,0,0,1,1,1,0,1,0,1,1,1,1,0,1,2,2,1,1,0,1,1,1,1,0,0,1,0,0,2,0,0,1,0,2,1,0,1,0,2,0,1,0,0,1,1,1,1,2,1,0,2,1,1,0,2,0,2,0,0,0,0,1,1,0,0,1,2,1,0,0,1,0,0,0,0,1,0,0,0,1,0,0,1,1,0,1,0,0,0,0
sample_131,sample_131,0,1,0,0,0,2,1,1,0,1,0,0,0,0,1,0,0,0,2,2,1,1,1,0,1,1,0,0,1,0,1,0,2,0,1,0,0,0,0,1,1,0,0,0,1,0,0,1,0,1,1,1,0,1,0,1,1,1,0,1,1,2,0,2,0,1,0,1,1,2,0,0,0,0,0,2,1,2,0,2,0,0,1,1,0,0,0,1,1,0,0,1,1,0,0,0,0,0,0,0,1,0,2,0,1,1,0,2,0,1,1,0,0,2,0,0,1,0,2,0,1,1,1,1,1,1,0,2,1,0,0,1,1,0,0,0,1,0,1,0,0,0,1,1,0,1,1,1,2,0,1,1,0,1,1,0,0,0,0,0,1,0,0,0,0,1,0,0,0,1,0,0,0,0,0,0,1,0,2,0,0,1,0,0,1,0,1,0,0,0,1,1,0,1,1,0,0,1,0,1
sample_132,sample_132,1,1,2,0,0,1,1,1,0,2,1,1,0,0,0,0,2,0,1,1,1,1,0,0,0,0,0,2,1,0,2,0,1,0,1,0,0,1,1,0,2,1,0,1,0,1,0,0,0,0,1,1,1,1,0,1,2,0,0,1,1,1,0,0,2,0,1,0,0,1,0,1,1,0,1,0,1,0,0,0,0,1,1,1,0,1,0,0,0,1,1,1,1,0,0,0,0,1,0,1,1,1,0,0,1,0,0,0,0,0,1,2,0,1,0,0,0,1,0,1,1,0,0,1,1,1,1,1,1,1,0,1,2,0,0,1,0,0,1,0,0,1,0,1,1,1,0,0,1,0,0,1,0,2,0,0,1,0,1,0,0,1,0,0,0,0,2,0,1,0,0,2,0,0,0,0,1,0,2,0,0,1,1,0,0,0,2,0,0,0,0,0,0,1,0,1,1,2,0,0
sample_133,sample_133,1,0,1,1,0,1,0,0,0,2,1,0,0,0,0,1,0,0,1,0,2,1,0,0,1,1,0,0,0,1,0,0,1,1,0,0,0,0,0,0,0,0,1,0,0,0,0,1,0,0,1,1,0,2,0,1,1,1,1,0,0,2,1,2,0,2,0,0,1,2,1,2,1,1,2,1,1,0,0,0,2,2,0,2,0,0,0,1,1,0,1,1,1,0,0,0,0,1,1,0,1,0,1,1,0,0,0,0,0,0,1,0,0,2,0,0,1,0,0,0,0,0,0,0,1,0,1,1,1,2,0,0,1,0,1,1,0,0,1,0,0,2,0,1,0,0,0,1,1,1,0,0,0,1,1,1,0,0,1,0,1,2,0,0,1,1,0,1,1,0,0,0,0,1,0,0,0,0,1,1,0,0,2,1,0,0,1,0,1,2,1,0,0,0,1,0,0,0,0,1
sample_134,sample_134,0,0,0,1,0,2,1,1,0,2,0,1,2,0,1,0,1,0,0,1,1,1,0,1,0,2,1,0,0,0,0,0,0,1,1,0,0,0,1,1,0,1,1,1,1,0,0,0,0,0,0,0,1,0,1,0,0,0,0,0,0,0,1,0,1,1,1,0,0,0,0,1,1,0,0,1,0,2,0,0,0,2,1,0,0,0,0,0,1,1,2,0,1,0,0,0,1,1,1,1,0,2,0,1,1,1,1,0,0,1,0,0,0,0,2,1,1,1,0,1,0,0,0,0,0,0,1,1,1,1,0,2,0,0,1,1,0,0,1,0,0,1,0,1,1,0,0,0,0,0,1,0,0,1,0,0,1,0,1,0,0,0,0,1,1,1,2,1,2,0,0,1,0,2,0,0,1,1,0,0,0,1,1,0,0,1,0,0,2,0,0,1,0,1,2,0,0,0,0,0
sample_135,sample_135,0,0,1,1,0,1,1,0,0,1,0,0,0,0,0,1,0,0,1,1,1,0,0,1,0,2,1,1,1,0,1,0,0,1,0,0,1,1,1,0,1,1,0,0,0,1,1,0,0,0,2,1,0,0,0,0,0,0,0,1,0,1,0,2,1,1,1,1,0,1,0,0,1,0,1,1,0,0,0,0,1,0,0,1,0,0,1,1,0,2,1,1,1,0,1,1,0,0,1,1,1,1,1,0,1,0,0,1,0,1,1,1,1,0,0,0,1,2,1,0,0,0,0,1,0,1,1,0,1,1,0,2,2,0,0,0,2,0,1,0,0,0,0,0,0,0,0,1,1,1,0,0,0,0,0,1,0,2,0,0,0,0,0,0,1,0,1,0,1,1,1,0,0,0,0,0,1,0,1,1,1,0,2,0,0,1,2,1,0,0,0,1,0,1,2,0,0,0,0,1
sample_136,sample_136,1,1,0,0,0,1,0,2,1,1,1,1,1,0,0,0,0,0,0,2,1,0,0,0,0,0,0,1,1,1,0,0,1,2,2,0,0,1,1,0,1,1,0,2,0,0,0,0,0,0,0,1,0,0,0,1,1,0,0,1,0,1,1,2,1,1,1,2,0,2,0,1,1,1,0,0,1,1,0,0,0,2,0,0,0,1,0,1,1,2,0,0,0,0,0,0,0,1,0,0,0,0,1,0,1,0,0,0,0,0,1,0,2,1,0,0,0,0,1,1,2,1,1,0,0,0,0,0,0,1,1,1,1,0,2,1,1,0,1,1,1,2,0,0,0,0,0,0,1,2,1,0,0,2,0,1,1,0,0,0,2,0,0,0,0,1,0,1,2,0,0,0,0,2,1,0,0,0,1,1,1,0,1,0,0,0,1,1,1,1,0,1,1,1,1,0,0,2,0,0
sample_137,sample_137,1,0,1,0,1,0,1,1,0,2,2,0,0,0,0,0,1,0,1,0,1,1,1,2,0,1,0,0,0,1,2,0,1,2,0,1,0,1,0,1,1,0,1,0,1,2,0,0,1,0,1,1,1,1,0,0,0,2,0,0,1,2,1,1,0,1,1,1,0,0,0,0,0,0,1,1,2,0,0,1,1,0,0,2,0,0,0,0,0,0,1,1,1,1,1,0,1,1,1,0,1,1,0,0,1,0,1,0,0,1,0,0,2,0,0,1,0,0,0,1,2,0,0,0,2,2,1,1,0,0,1,2,0,0,1,0,0,0,1,0,0,0,0,0,2,0,1,0,1,0,1,0,1,0,1,0,1,0,0,0,1,0,0,0,0,2,1,1,0,0,0,2,0,1,0,1,0,1,2,0,0,1,2,0,1,1,2,0,0,1,0,0,1,0,0,0,0,0,0,0
sample_138,sample_138,0,1,1,0,0,1,0,0,0,2,2,1,0,0,0,0,1,1,2,0,1,0,0,1,1,0,1,0,0,0,1,0,0,1,2,0,0,1,0,1,1,1,0,0,1,1,1,0,0,0,0,0,1,0,0,0,1,0,0,0,0,1,1,2,2,1,1,0,1,2,0,0,0,0,0,1,0,1,0,0,0,2,0,0,1,0,0,0,1,0,1,2,0,0,0,0,1,1,0,0,1,1,2,0,0,0,0,0,0,0,1,1,0,1,0,0,1,0,0,0,2,0,0,0,0,1,2,0,0,1,0,1,0,0,0,2,0,0,0,0,2,0,0,2,0,0,0,1,1,1,0,0,0,1,0,1,1,1,1,0,0,1,0,0,0,1,2,0,1,0,0,2,0,1,0,1,1,0,0,0,0,0,2,0,0,2,2,0,0,1,0,0,0,1,1,0,0,0,0,0
sample_139,sample_139,1,0,1,0,0,2,1,1,0,2,1,0,2,0,0,1,1,0,1,0,1,1,1,0,1,0,2,0,1,0,1,0,1,0,1,0,0,1,1,2,0,0,0,1,2,0,0,0,0,0,1,1,2,0,1,0,0,0,0,0,0,1,0,1,1,1,0,0,0,1,1,1,1,0,1,1,1,0,0,0,0,1,0,1,0,0,0,1,1,0,1,2,1,0,0,0,0,1,0,0,0,1,1,0,1,0,0,0,1,1,0,2,1,1,1,0,0,0,1,0,0,1,0,0,0,0,1,1,0,1,0,1,1,1,0,0,1,0,1,0,0,1,0,1,1,0,0,1,2,0,0,0,0,0,0,2,2,1,1,1,1,0,0,0,1,1,1,0,1,0,1,1,0,0,0,0,1,0,0,0,0,1,1,1,1,1,0,1,1,1,0,0,1,1,1,0,0,0,1,1
sample_140,sample_140,0,1,0,0,0,1,0,0,0,1,1,1,1,0,1,0,1,0,0,2,1,2,0,1,0,0,0,2,0,1,1,0,1,2,0,0,1,0,1,0,0,0,0,1,1,2,1,0,1,0,1,0,0,1,1,2,0,1,0,2,0,2,0,1,0,2,0,0,0,1,0,0,0,0,0,2,2,0,0,0,0,0,1,0,0,1,0,0,1,1,1,2,0,0,1,0,1,1,1,0,1,0,2,2,1,0,0,1,0,1,0,1,0,0,0,2,0,0,2,0,1,0,0,0,1,2,1,0,1,1,0,2,2,0,2,0,2,0,1,0,0,1,2,0,2,0,0,1,1,0,1,1,1,1,0,0,1,0,0,0,1,1,1,1,0,0,0,0,0,0,0,2,0,0,0,0,2,0,0,1,0,0,1,0,1,1,1,0,0,0,0,0,0,2,1,0,0,0,1,2
sample_141,sample_141,0,2,0,0,0,1,0,1,1,2,1,0,0,1,0,1,1,1,1,1,2,1,0,1,0,1,1,0,1,1,1,0,0,0,1,0,0,0,1,2,1,0,1,1,0,1,0,0,0,0,1,0,1,1,0,0,1,1,0,0,0,0,0,2,2,2,0,1,0,0,0,1,0,0,0,1,0,0,0,1,1,0,0,0,0,1,0,1,0,0,1,0,1,0,1,0,0,0,0,0,2,2,0,0,1,0,0,2,0,2,1,0,0,2,1,1,0,0,1,1,0,0,0,0,1,0,1,2,1,1,0,0,1,0,1,2,2,0,0,0,1,0,1,1,0,0,0,0,0,1,1,0,0,1,0,0,0,0,0,0,1,0,1,0,1,1,1,0,2,0,0,2,0,1,0,0,0,1,0,0,0,1,1,0,0,0,1,0,0,2,0,0,0,1,0,0,0,1,0,0
sample_142,sample_142,1,2,1,1,1,1,0,0,1,2,1,0,1,0,0,0,1,0,1,0,1,0,0,1,0,0,0,1,1,0,0,0,0,1,0,0,0,1,0,0,0,1,0,0,1,0,1,0,0,0,1,0,0,1,0,1,1,1,0,2,0,0,1,0,2,1,0,2,0,0,0,0,1,1,1,1,1,0,0,0,0,0,1,1,0,0,0,1,1,1,2,1,0,1,1,0,1,0,0,0,1,1,0,1,0,0,0,0,0,1,0,2,1,1,1,1,0,0,0,0,2,0,1,1,1,0,1,0,2,0,0,1,1,0,1,1,1,1,2,1,1,0,1,1,0,1,0,1,0,0,0,0,1,1,0,1,1,0,1,0,0,0,0,0,0,0,1,1,0,1,0,1,0,0,0,0,2,0,2,0,0,0,1,0,0,2,1,0,1,0,1,0,0,0,1,0,0,0,0,0
sample_143,sample_143,1,1,2,0,0,1,0,1,0,0,2,1,1,1,0,1,1,1,0,1,1,0,2,0,0,0,2,0,0,1,1,0,0,2,1,0,0,0,0,2,0,0,0,1,0,1,1,0,0,0,0,2,0,0,0,0,2,1,0,1,1,2,0,0,1,1,0,0,0,0,0,1,1,0,0,1,1,1,0,1,0,2,1,1,0,1,0,1,0,1,1,0,0,1,0,0,0,0,1,0,0,1,2,0,1,0,0,1,0,1,1,0,0,1,1,1,0,0,0,2,2,2,0,2,2,2,1,1,1,1,0,0,1,0,1,0,1,0,1,1,0,1,2,0,1,0,0,0,1,0,1,0,0,2,0,0,0,0,2,0,1,0,0,0,1,1,0,1,1,1,0,1,0,0,0,0,2,0,1,0,0,0,2,0,0,1,0,0,0,1,1,2,0,1,0,0,0,0,0,0
sample_144,sample_144,1,1,1,1,0,1,2,1,0,0,1,1,0,0,1,1,1,1,0,1,2,1,0,1,2,1,0,1,0,0,0,0,1,1,1,1,1,1,0,0,1,0,1,0,0,0,0,1,1,0,1,1,1,0,0,1,1,0,1,1,1,0,1,0,1,1,0,1,0,1,1,0,0,1,0,1,1,1,0,1,0,0,0,1,0,1,0,0,0,2,0,1,1,0,0,0,1,0,1,0,1,0,1,0,2,0,0,1,0,0,0,0,1,1,0,1,0,0,1,2,1,0,0,1,0,0,1,0,0,0,1,1,1,0,1,1,0,0,2,0,1,0,0,1,0,0,0,0,0,0,1,2,1,2,0,0,1,0,1,0,1,0,0,0,0,1,0,0,2,0,0,2,0,0,0,0,0,0,1,0,0,1,0,0,1,0,0,0,0,0,0,0,0,0,1,0,0,1,0,0
sample_145,sample_145,0,2,1,0,0,2,1,1,0,1,0,0,1,1,2,1,1,2,0,1,1,1,1,1,0,1,0,1,0,0,2,0,2,0,2,0,0,2,0,1,1,0,0,1,0,1,0,0,1,0,0,0,0,1,0,1,1,0,0,1,0,0,0,1,1,0,1,1,0,0,1,0,1,1,2,1,1,1,0,0,0,1,1,1,0,0,0,0,1,2,2,2,0,0,1,0,1,0,1,0,1,1,0,0,1,0,0,1,0,0,0,1,1,2,1,1,0,1,0,0,1,1,0,2,0,1,2,1,1,0,0,1,1,0,0,1,1,0,1,0,1,1,0,0,0,1,0,0,0,1,1,0,1,2,0,0,0,0,2,0,0,1,0,1,0,1,0,0,1,0,0,1,0,1,0,0,1,1,1,0,1,0,0,0,0,1,0,2,1,0,0,0,0,1,0,0,0,1,0,0
sample_146,sample_146,0,1,2,0,0,0,0,1,0,0,0,0,1,1,1,0,1,0,2,0,2,0,1,1,0,0,1,1,0,0,0,0,0,2,1,1,1,0,1,1,1,0,0,0,1,1,0,0,0,0,0,0,0,1,0,0,0,1,0,1,0,0,0,0,0,1,1,0,1,1,0,2,1,0,1,0,0,1,0,1,0,1,0,0,0,1,0,0,0,0,0,2,1,1,0,0,2,0,0,0,0,0,1,1,1,0,0,0,1,1,1,1,0,1,0,1,0,0,2,1,0,1,0,0,1,2,1,1,1,1,1,2,1,0,1,1,1,1,0,0,0,1,1,1,1,0,0,1,1,0,0,0,0,2,0,0,1,0,0,0,0,0,0,0,1,2,0,0,1,0,0,1,0,0,0,0,1,1,2,0,1,0,1,0,1,1,1,1,1,0,0,0,0,1,1,1,0,1,0,2
sample_147,sample_147,2,1,1,0,1,1,1,0,0,2,1,0,1,0,0,1,0,1,1,0,1,1,1,2,0,0,1,0,0,1,0,0,2,0,0,0,0,0,0,1,1,0,1,0,1,2,0,0,0,0,0,1,0,0,0,0,1,1,0,0,0,1,1,0,2,2,0,1,0,0,0,0,2,0,1,0,0,1,1,1,0,1,0,0,0,1,0,1,0,2,0,1,0,0,0,1,0,1,0,1,0,1,1,0,0,0,2,0,0,0,1,1,1,0,1,0,1,1,0,1,0,0,0,2,2,1,1,0,2,0,0,0,0,0,0,0,2,1,0,0,0,0,0,0,1,0,0,1,2,1,1,1,1,1,0,1,0,1,0,1,0,0,1,0,1,0,1,1,1,0,0,1,0,0,0,1,0,0,0,1,1,0,1,0,0,1,0,0,0,0,1,0,0,0,0,1,0,0,0,0
sample_148,sample_148,0,1,0,0,0,0,0,0,1,1,1,0,1,0,0,0,1,0,0,0,1,0,0,1,0,2,0,1,1,1,0,1,1,1,0,0,1,0,1,0,1,0,0,0,0,2,0,0,1,0,0,1,1,1,0,1,1,1,0,0,0,0,1,1,1,1,0,1,0,1,0,0,0,0,1,1,0,1,0,0,0,2,0,0,0,1,0,0,0,1,1,0,0,0,0,0,0,0,0,1,0,1,1,0,0,0,0,1,0,0,0,1,0,1,1,0,1,1,0,0,0,0,0,0,0,0,0,1,1,1,0,2,0,0,1,1,1,0,0,0,0,0,1,1,1,0,0,0,1,0,0,0,1,1,0,0,0,0,0,0,0,0,0,0,1,0,2,0,1,2,0,2,0,0,0,0,2,2,1,0,0,0,0,0,0,0,1,1,1,0,0,0,0,2,0,0,0,0,0,1
sample_149,sample_149,1,2,0,0,0,0,1,0,0,2,0,1,1,1,1,0,0,1,1,0,0,0,1,1,1,0,0,0,1,0,0,0,1,0,1,0,0,0,0,0,1,0,0,0,0,0,1,0,0,0,1,0,1,2,0,0,0,1,1,1,0,1,1,2,1,1,0,1,0,2,0,1,1,0,1,0,0,0,0,1,1,0,1,1,1,0,0,0,0,1,1,0,1,0,0,0,0,0,0,0,0,0,2,0,0,0,0,1,0,0,0,0,0,0,0,0,0,0,0,1,0,0,0,0,2,1,1,0,1,0,0,2,1,0,0,1,1,0,1,0,0,0,0,1,0,0,0,1,0,1,0,0,0,1,0,0,0,0,0,1,1,1,1,0,1,0,1,1,1,0,0,1,0,1,1,0,1,0,2,0,1,0,2,1,0,0,0,2,1,0,0,0,0,0,1,0,1,0,0,0
sample_150,sample_150,0,1,1,1,0,1,2,1,0,1,1,0,1,0,1,0,1,0,1,0,1,1,2,1,1,0,0,1,1,0,0,0,1,2,0,0,0,0,2,0,1,0,1,0,0,1,1,0,0,0,0,0,1,0,1,0,1,0,0,0,0,2,0,0,0,0,0,1,1,0,0,0,1,0,1,0,0,2,1,0,1,0,0,2,1,0,0,0,1,1,1,0,2,1,0,1,0,0,0,1,1,2,1,0,0,0,0,0,0,1,1,0,2,1,0,2,0,0,0,0,1,0,0,0,0,1,0,0,0,0,0,0,1,0,1,0,2,0,0,0,2,1,1,0,0,1,1,2,0,1,1,0,0,2,0,1,1,1,2,0,0,0,0,0,1,1,1,0,1,0,0,0,0,0,0,0,0,0,0,0,0,1,2,0,0,1,0,0,1,0,1,0,1,2,0,0,0,0,0,0
sample_151,sample_151,0,1,0,1,1,2,0,2,0,0,2,1,1,0,0,1,2,2,1,1,1,0,0,1,0,1,1,1,0,0,2,0,0,2,1,0,1,1,0,2,0,1,0,0,0,1,0,0,1,0,1,0,2,1,2,0,2,1,0,2,0,1,0,0,1,0,0,0,0,0,0,0,1,0,1,1,1,1,1,0,1,0,0,1,1,0,0,1,0,0,0,0,0,0,0,0,0,1,1,2,0,1,0,1,1,0,0,1,0,1,1,1,1,0,1,1,1,0,1,1,0,1,0,1,1,1,1,0,0,0,0,1,2,1,0,1,1,0,1,0,1,0,0,0,1,0,0,0,1,2,0,0,0,0,0,0,0,0,0,1,0,0,0,1,0,1,1,0,2,0,0,0,0,1,0,0,1,1,2,1,0,0,1,0,1,0,1,0,0,0,0,1,0,0,0,1,0,0,0,1
sample_152,sample_152,1,2,1,1,1,2,0,1,0,2,1,0,2,1,1,0,0,0,1,0,0,1,1,1,0,0,0,1,0,0,0,0,1,1,0,0,0,1,0,1,1,0,0,2,0,1,0,0,1,0,0,0,2,1,1,0,2,1,0,0,1,0,0,2,1,0,0,0,1,1,0,2,0,0,0,0,2,1,0,0,0,1,0,0,0,0,1,0,0,1,1,1,1,0,0,1,2,1,0,0,1,1,1,0,1,0,0,1,0,0,0,1,1,1,1,0,1,0,0,1,1,0,0,0,1,0,1,0,0,2,1,0,2,0,1,1,1,0,1,0,1,0,0,0,0,1,0,1,2,0,1,0,1,1,0,0,0,2,1,0,2,1,0,1,1,0,1,0,1,0,0,1,1,0,0,1,0,0,2,1,0,1,1,1,1,1,1,1,2,0,0,0,0,1,0,0,0,0,0,1
sample_153,sample_153,0,2,1,1,0,0,0,1,0,2,2,0,1,1,0,0,0,0,0,1,1,0,0,1,1,0,1,1,0,1,1,0,0,2,1,0,1,0,0,1,1,0,0,0,0,0,0,0,1,0,2,0,1,0,1,1,1,1,0,0,1,1,2,1,0,1,0,0,0,1,1,0,1,0,1,0,1,1,1,0,0,1,1,0,1,0,0,1,0,1,1,0,1,0,1,0,1,1,0,0,0,1,0,0,1,0,0,0,0,0,1,1,0,0,1,0,1,0,1,0,0,1,0,1,1,0,0,0,2,0,0,1,2,0,0,1,0,1,1,0,0,1,1,1,0,0,0,1,0,0,1,1,1,0,0,1,0,0,0,0,1,1,0,0,2,0,0,0,1,0,0,0,0,2,0,2,0,0,1,0,2,0,0,0,1,2,0,0,1,0,0,0,0,1,1,1,0,0,0,0
sample_154,sample_154,0,1,1,0,1,1,0,2,0,0,1,0,0,0,0,0,0,1,2,1,1,1,0,1,0,2,0,1,0,0,0,0,1,0,2,0,1,0,2,0,1,0,1,2,0,0,0,0,2,0,2,1,2,0,1,1,0,0,1,0,0,2,0,2,0,1,1,0,0,0,0,0,1,0,0,0,0,1,0,0,0,2,0,1,2,1,0,1,0,1,1,1,0,1,0,0,0,1,0,0,2,1,1,0,1,0,0,1,0,1,0,1,0,1,1,0,1,0,0,1,1,0,0,1,1,0,0,1,0,0,0,0,0,0,0,1,2,0,1,0,0,1,1,1,1,0,0,0,1,1,1,0,0,1,0,0,1,1,0,0,1,1,1,0,2,1,2,0,0,0,0,1,0,0,0,0,0,0,1,0,1,0,1,0,1,1,0,0,1,0,1,0,1,1,0,1,0,0,0,0
sample_155,sample_155,1,1,1,0,0,1,0,0,0,0,0,0,0,0,1,0,1,0,1,1,0,1,0,2,0,0,0,1,0,1,0,0,1,2,1,0,0,0,1,0,0,0,1,0,0,2,1,1,1,0,1,0,0,0,0,0,1,0,1,0,0,2,1,2,0,1,1,0,1,0,0,0,2,0,1,1,0,1,1,1,0,0,0,1,0,0,1,1,2,1,1,0,0,0,1,0,0,0,0,0,0,0,0,0,1,0,0,0,0,1,0,1,1,1,0,1,0,0,0,1,0,0,0,0,0,0,1,1,0,1,1,0,2,0,0,1,0,0,0,0,0,1,0,0,1,0,0,0,1,0,2,0,0,1,1,1,2,1,1,0,0,1,1,0,0,1,0,0,2,0,0,1,0,0,0,0,2,0,1,0,1,0,1,1,0,2,1,0,0,0,0,1,1,0,1,0,0,1,0,1
sample_156,sample_156,1,1,0,0,0,1,2,2,0,0,0,1,0,1,1,0,1,0,0,1,1,0,1,1,1,0,1,2,1,1,0,0,2,0,0,2,0,1,1,0,0,0,0,0,0,0,0,0,1,0,1,1,0,2,0,0,1,1,0,2,0,0,0,2,1,0,1,2,0,0,0,1,0,0,1,1,0,2,0,1,0,0,0,0,1,0,2,1,0,1,1,1,1,0,0,0,1,0,1,2,2,0,0,0,2,0,0,1,0,0,1,1,0,0,1,0,0,0,0,0,1,0,0,1,1,0,0,0,0,2,0,2,2,0,1,0,1,1,1,0,0,0,0,1,0,0,0,0,0,0,2,2,0,1,0,0,1,1,0,0,0,0,0,0,0,0,0,0,0,0,0,1,1,0,1,0,1,0,1,0,1,0,0,0,0,1,1,0,2,0,0,0,0,1,1,0,0,0,0,1
sample_157,sample_157,1,1,1,0,1,0,1,1,0,1,1,0,0,0,2,0,2,0,2,2,0,2,2,2,1,1,1,1,0,1,1,0,1,1,0,1,0,0,1,0,2,0,1,1,0,0,0,0,1,0,2,0,0,0,0,0,1,0,0,2,0,1,1,1,1,1,0,2,0,0,0,0,0,0,1,2,1,2,0,1,0,2,1,1,1,1,0,1,0,1,2,0,2,0,0,0,2,0,0,0,1,1,0,0,0,0,1,1,0,1,0,2,1,1,0,0,0,0,1,0,0,1,0,1,1,1,2,1,0,0,0,2,1,0,2,0,1,0,1,0,0,0,1,0,1,0,0,1,1,1,2,1,0,0,1,1,1,0,0,0,1,0,0,1,1,1,0,1,0,0,0,1,0,0,1,0,1,0,1,0,2,0,2,0,0,2,0,0,1,0,1,0,0,0,1,0,0,0,0,1
sample_158,sample_158,1,0,0,1,0,2,1,1,0,2,0,0,1,1,1,0,0,1,2,0,1,1,1,1,0,1,0,1,0,0,2,0,1,1,0,0,0,0,0,0,1,0,0,0,0,1,0,0,0,0,0,2,1,0,0,1,1,1,0,1,0,0,0,1,1,1,0,0,1,0,0,0,1,0,1,0,0,2,0,1,0,2,0,0,0,0,0,0,0,2,0,1,2,0,0,0,0,1,0,0,0,0,2,1,1,0,0,0,0,1,0,2,1,2,1,0,0,0,0,1,0,0,0,1,1,0,1,1,1,1,0,1,1,0,0,1,0,0,1,0,0,0,0,0,0,0,0,2,1,2,1,0,2,1,0,0,0,0,1,0,1,0,1,0,2,0,0,0,1,0,0,1,0,0,1,1,1,0,1,0,0,1,0,0,0,1,1,0,0,1,0,0,0,2,1,1,0,0,0,1
sample_159,sample_159,1,2,1,0,0,0,0,2,1,1,0,1,1,1,1,0,0,1,2,1,1,0,2,1,0,0,0,0,0,2,1,0,2,1,0,0,0,0,0,0,2,0,1,0,1,0,1,0,1,0,1,0,0,2,1,0,1,0,0,0,1,1,0,1,2,1,0,0,0,1,0,1,1,1,0,1,1,0,0,0,0,1,1,1,0,0,0,1,0,2,1,1,0,0,0,0,1,0,2,0,1,0,1,0,0,0,0,0,0,1,0,1,2,1,0,0,0,1,1,1,0,1,0,1,1,1,1,1,1,0,1,0,1,0,0,0,2,0,1,1,2,0,1,0,1,0,0,1,1,0,0,0,0,2,1,0,0,0,1,0,1,0,0,0,1,0,0,0,0,0,0,1,1,0,0,0,1,0,1,0,0,1,2,0,0,1,2,1,0,0,0,0,0,2,1,0,0,2,1,0
sample_160,sample_160,1,1,0,0,1,0,0,1,0,1,1,0,1,1,1,1,0,0,0,0,0,1,0,2,0,0,0,0,0,0,0,0,0,1,0,1,1,0,0,0,2,0,1,2,0,0,1,0,1,0,1,0,0,0,1,0,1,1,0,0,1,0,0,0,1,1,0,2,0,1,0,0,0,0,1,2,2,1,0,1,0,1,1,2,0,0,0,0,0,0,1,1,2,0,0,0,1,1,1,0,1,1,1,0,1,0,0,1,0,0,0,0,0,1,1,1,0,0,1,1,1,0,0,1,2,1,1,0,1,0,0,1,0,0,0,1,0,0,1,0,1,2,0,2,1,0,0,0,1,0,1,0,0,0,0,1,0,1,0,0,2,0,0,0,1,1,0,1,0,0,1,2,0,0,0,1,1,0,0,0,0,0,1,0,0,1,0,0,1,0,1,0,0,0,1,1,0,2,1,1
sample_161,sample_161,0,0,1,0,0,2,1,0,2,2,2,1,0,0,1,0,1,0,1,2,0,0,1,0,0,2,1,1,1,0,2,1,1,1,0,0,1,0,2,0,2,0,0,0,0,0,0,0,1,0,1,1,0,0,1,1,1,2,0,0,1,1,1,1,0,0,1,0,1,0,0,1,1,0,1,0,0,0,0,0,0,1,0,0,0,0,0,0,0,1,2,1,0,0,0,0,0,1,1,0,0,1,0,1,0,0,0,1,0,1,0,1,0,1,0,0,0,1,1,0,0,1,0,1,2,1,0,1,1,0,1,0,1,0,1,1,0,0,0,0,1,1,0,2,0,0,0,1,1,0,1,0,0,1,1,0,2,1,1,0,2,1,1,0,1,0,2,0,1,0,0,0,1,0,0,0,0,0,2,0,1,0,2,1,1,1,1,1,1,1,0,1,0,1,1,0,0,1,0,1
sample_162,sample_162,1,1,0,0,0,0,0,0,0,0,0,0,0,0,1,0,1,1,0,1,1,1,0,0,0,0,1,0,1,0,1,0,0,1,0,0,0,0,1,0,0,0,0,1,0,2,1,0,0,0,1,1,0,1,2,1,2,1,0,1,0,2,0,1,2,0,0,0,0,0,0,2,0,0,0,1,0,1,0,1,0,2,0,0,0,1,0,0,1,1,0,0,1,0,0,0,1,0,1,0,0,2,2,0,0,0,1,1,0,0,1,2,2,1,1,0,1,0,0,1,1,1,0,0,1,0,0,1,1,0,0,1,1,0,1,1,1,0,0,0,1,2,0,1,0,0,0,1,2,1,0,0,0,0,0,0,0,1,2,0,0,0,1,0,1,1,1,0,1,0,0,1,0,0,0,0,1,0,1,0,0,0,0,0,0,2,0,0,1,1,0,1,1,0,0,0,1,0,1,1
sample_163,sample_163,0,0,1,0,0,0,1,1,0,0,1,0,2,0,2,1,1,0,2,0,1,0,0,1,1,0,0,1,0,1,0,0,1,0,2,0,0,1,1,0,0,0,1,1,1,2,1,0,1,0,1,0,1,0,0,0,1,0,0,1,2,1,0,0,2,1,1,1,0,1,0,1,0,1,0,2,0,1,0,1,1,1,0,0,0,1,0,0,0,1,2,1,1,0,0,0,1,1,0,0,0,0,1,0,1,0,1,1,1,1,0,1,0,1,1,1,0,0,1,0,0,0,0,2,1,0,1,1,2,0,1,0,1,1,2,1,0,0,1,0,0,1,0,1,0,1,0,0,2,0,1,0,0,2,0,0,0,0,0,0,1,0,0,0,1,0,1,0,1,0,0,0,0,0,0,0,1,0,0,1,0,0,0,0,0,1,1,1,0,0,1,0,0,0,1,0,0,0,0,0
sample_164,sample_164,0,0,1,0,0,1,0,1,1,0,0,0,1,0,0,0,0,0,1,0,2,0,0,0,0,2,0,0,0,0,0,0,2,0,0,1,0,1,1,0,0,0,0,0,0,1,0,0,0,0,2,1,1,1,0,0,1,0,0,1,0,0,1,0,1,2,0,2,0,1,0,0,0,0,1,0,1,0,0,1,0,0,0,0,0,0,1,0,1,1,1,0,0,0,0,0,0,2,1,0,2,0,1,0,0,1,1,1,0,1,0,2,1,1,0,0,0,1,1,0,1,1,0,1,0,2,0,0,0,1,0,0,2,0,0,1,1,0,2,0,0,0,1,1,1,1,0,0,0,1,0,1,0,1,0,0,0,0,1,1,1,0,0,0,1,0,0,1,0,0,0,1,0,0,1,0,2,0,1,2,0,0,2,0,1,1,1,0,1,1,0,0,0,1,0,0,0,1,0,1
sample_165,sample_165,0,0,0,1,0,1,0,1,0,0,0,0,2,1,1,1,1,1,0,2,1,1,0,1,0,0,2,0,1,1,0,0,0,1,1,1,0,0,1,0,2,0,0,0,1,1,1,0,0,0,1,1,0,1,0,0,1,2,0,2,0,0,0,0,1,2,1,1,0,0,0,2,0,0,1,0,0,0,1,1,0,0,0,0,0,0,0,0,1,1,2,0,1,0,0,0,0,0,1,0,1,0,0,0,1,0,0,0,0,1,1,1,1,0,0,0,0,2,0,0,0,0,1,1,1,1,1,1,0,0,0,1,1,1,2,2,0,1,1,0,0,0,2,1,1,0,0,2,2,1,0,0,0,0,0,0,0,0,1,0,0,1,0,0,0,0,1,0,2,0,0,0,1,0,0,1,1,0,0,0,1,0,1,0,1,0,2,0,0,0,0,1,0,1,1,1,0,0,0,0
sample_166,sample_166,1,1,0,0,0,1,0,0,0,0,1,2,0,0,0,0,1,2,1,1,1,1,0,0,0,2,2,0,0,1,1,0,0,2,0,1,1,0,1,1,0,0,0,0,1,0,1,0,2,0,0,0,1,1,0,0,1,1,0,1,1,1,0,1,1,1,0,0,0,1,0,0,0,0,1,1,1,1,1,1,2,2,1,0,0,0,0,0,0,1,2,1,0,0,1,0,0,0,0,0,0,0,0,2,0,0,0,2,0,0,0,1,1,2,2,0,1,0,1,1,1,1,0,0,1,1,0,0,2,1,0,0,0,0,0,1,2,0,1,0,0,0,0,0,0,1,0,0,1,2,1,2,1,0,0,0,1,1,1,0,1,1,0,0,0,0,1,1,1,0,0,1,0,0,0,0,2,0,0,1,2,0,0,0,1,0,1,0,0,0,1,0,0,1,0,0,0,0,0,1
sample_167,sample_167,0,0,2,2,0,2,0,0,0,0,0,0,0,1,0,1,0,1,0,1,1,2,0,0,0,2,1,0,1,1,0,0,2,2,1,1,0,0,0,0,2,0,0,0,0,1,0,0,1,0,1,1,1,0,1,1,2,0,1,1,1,0,2,0,2,0,0,2,0,1,1,0,1,0,0,0,0,0,0,0,1,0,1,2,0,0,0,1,0,1,0,1,1,0,0,0,0,0,0,1,1,1,0,0,1,0,0,0,0,0,1,2,1,0,1,1,0,1,1,1,1,0,0,1,0,0,0,0,0,1,0,1,1,1,1,1,1,0,0,0,0,0,2,0,0,1,0,1,1,0,0,1,0,2,0,1,1,1,0,0,1,0,0,0,0,0,0,0,1,1,0,1,0,0,0,0,0,1,0,0,1,0,0,0,1,1,0,1,0,1,0,0,0,0,2,0,0,0,0,1
sample_168,sample_168,0,0,1,1,0,1,0,1,0,1,1,1,0,0,0,1,0,0,1,2,1,2,1,2,1,1,0,1,0,1,0,0,1,0,2,1,0,0,1,2,2,0,0,1,0,2,0,0,2,0,2,1,1,0,0,0,2,1,0,0,0,0,1,0,0,1,0,0,0,1,1,2,0,0,0,0,0,1,0,0,1,1,1,0,0,1,0,1,0,1,2,1,2,0,0,0,0,0,0,0,0,1,1,0,0,0,0,2,0,0,0,0,2,1,1,0,0,0,1,1,1,0,0,0,2,0,1,1,1,2,0,1,0,0,0,1,2,0,1,1,1,0,1,1,2,0,0,0,1,1,0,1,0,1,0,0,1,0,1,0,1,0,0,0,0,0,1,0,2,1,0,2,0,0,0,0,2,0,1,0,1,0,1,0,1,1,0,1,1,1,0,0,1,1,1,0,0,0,0,1
sample_169,sample_169,0,0,1,1,0,0,0,0,0,0,1,0,0,0,0,1,1,1,0,1,1,0,0,2,0,2,1,0,1,1,1,0,1,0,1,0,0,0,1,0,0,0,1,0,2,1,1,0,0,0,1,1,1,1,1,0,0,1,0,2,1,1,1,1,0,1,0,2,0,0,0,0,0,0,2,0,1,1,0,1,1,2,0,1,0,0,1,0,1,1,0,2,0,1,0,0,1,0,1,1,0,0,1,0,0,0,0,1,0,1,0,1,0,1,1,1,0,1,1,1,0,1,0,1,0,0,1,0,2,1,1,1,0,0,0,1,0,1,1,0,0,1,0,1,2,0,0,0,2,0,1,0,1,1,1,0,0,0,0,0,0,0,1,0,0,1,0,0,1,0,0,2,1,0,0,1,1,0,1,1,0,0,0,0,0,1,1,1,0,0,1,1,0,1,0,0,0,0,0,0
sample_170,sample_170,1,1,1,0,0,0,1,1,0,1,1,0,1,0,2,0,2,0,2,1,1,1,1,1,0,1,2,1,0,1,1,0,1,2,2,0,0,0,0,0,1,1,0,0,0,1,0,0,2,0,1,0,0,0,1,0,0,1,0,0,0,1,0,0,2,2,0,0,0,0,0,0,0,0,0,0,0,1,0,1,0,1,0,1,0,1,0,0,0,1,1,1,0,0,0,0,0,1,1,0,0,1,0,0,1,0,0,2,1,2,0,0,1,0,1,1,0,1,0,0,2,2,0,1,2,0,1,1,0,0,0,1,2,0,0,1,0,1,0,0,0,1,0,0,0,0,0,0,1,0,1,0,0,0,0,0,0,2,1,0,0,0,0,0,0,0,0,0,1,0,0,1,0,0,0,0,0,0,2,0,1,0,1,0,1,2,0,0,1,1,0,0,1,0,0,0,0,0,0,0
sample_171,sample_171,0,0,1,2,0,1,0,1,0,0,1,0,0,0,0,0,1,1,1,1,2,0,0,1,1,1,0,0,1,1,1,0,0,2,1,1,0,0,0,1,1,0,0,0,0,0,0,0,2,0,0,0,0,0,1,0,1,1,0,0,1,0,2,2,1,0,0,0,0,2,0,0,1,0,1,0,0,1,0,0,1,1,0,0,0,0,1,1,1,0,1,2,0,0,1,0,0,1,0,0,0,1,0,0,2,0,0,0,0,1,1,2,1,1,0,0,0,0,0,1,1,0,0,0,0,0,1,0,0,0,0,2,0,0,2,1,2,0,1,0,0,0,1,1,1,1,0,0,1,1,0,0,0,1,0,1,1,0,0,0,0,0,0,0,2,1,1,0,0,0,0,1,0,0,0,1,0,0,0,0,0,0,0,1,1,0,1,0,0,1,0,0,0,1,1,0,0,0,0,1
sample_172,sample_172,0,1,0,0,0,1,1,1,1,1,1,1,2,1,2,1,2,2,0,1,1,1,1,1,0,1,1,1,0,2,1,0,0,1,0,1,0,0,0,1,0,0,0,2,0,1,1,0,1,0,1,1,1,0,0,0,1,1,0,0,0,1,1,1,1,1,0,1,0,1,0,0,0,0,1,1,1,0,0,0,0,1,1,1,0,1,0,0,0,0,0,1,0,0,1,0,1,1,0,0,1,0,1,0,0,0,0,0,0,1,0,2,1,1,0,0,0,1,0,0,0,1,0,1,1,1,1,1,0,1,0,0,0,0,1,0,1,0,0,0,0,1,0,0,0,0,0,1,1,2,0,0,1,1,0,1,0,1,0,1,1,1,0,0,0,0,0,0,1,1,0,1,0,0,0,1,1,1,0,0,0,0,1,0,0,1,0,0,0,1,0,0,0,1,1,0,1,0,0,1
sample_173,sample_173,0,0,2,1,0,2,0,0,1,1,1,1,0,0,2,0,1,0,1,0,1,0,1,1,0,2,1,1,2,1,0,0,1,1,0,1,0,1,1,0,1,0,0,0,0,0,0,1,0,0,1,2,2,0,0,0,2,0,1,1,1,0,0,2,1,1,0,2,1,1,0,1,1,1,1,0,0,0,0,0,1,0,0,1,0,0,0,0,1,1,0,2,1,0,0,0,0,0,0,1,0,1,2,0,0,0,0,1,0,1,1,0,1,1,1,0,0,1,0,1,0,0,0,0,0,0,1,1,1,2,0,1,0,0,2,1,0,1,2,0,0,1,1,0,0,0,0,1,1,1,0,0,0,0,0,1,1,1,1,1,1,1,0,0,1,1,0,0,0,1,0,1,0,1,0,1,0,0,0,1,2,0,1,0,0,2,2,0,0,1,0,0,1,1,0,0,0,2,0,0
sample_174,sample_174,2,0,0,0,1,0,0,0,1,1,2,1,0,0,1,0,1,0,1,0,2,1,1,0,0,0,0,0,0,0,2,0,0,1,0,0,0,0,0,1,2,0,0,0,0,1,2,0,2,0,1,1,0,1,1,2,1,1,1,2,0,0,1,0,1,2,0,0,0,1,0,2,0,0,1,1,0,2,0,0,0,2,1,0,0,0,1,1,1,0,1,1,0,0,0,0,0,0,0,0,0,2,1,0,0,0,0,1,0,1,0,2,0,1,1,0,0,0,1,0,0,0,0,0,1,0,2,0,1,1,0,1,1,0,0,0,1,1,1,0,0,0,0,1,0,0,0,2,0,1,0,0,0,1,0,1,1,1,0,1,0,0,0,0,1,1,2,1,0,0,0,1,0,0,0,0,1,0,0,1,0,0,0,0,0,0,0,1,0,2,0,1,0,2,0,0,0,0,0,0
sample_175,sample_175,1,0,1,0,1,1,0,1,0,1,0,0,0,1,0,0,1,1,2,2,1,1,1,2,0,1,1,1,0,1,0,0,1,1,2,1,0,1,1,0,1,0,0,1,1,0,0,0,1,0,2,1,0,1,1,0,2,0,0,1,0,1,0,2,0,1,0,0,0,2,0,0,2,0,1,0,2,1,0,0,0,0,1,2,1,1,0,2,1,1,1,0,1,0,0,0,1,0,0,0,0,0,1,0,1,0,0,1,0,2,1,1,1,1,0,0,1,1,0,1,0,0,0,2,1,1,0,1,1,1,0,1,0,0,0,1,2,0,2,0,0,0,0,0,1,1,0,1,1,1,0,0,0,0,0,0,2,0,1,0,1,0,0,0,0,1,2,0,0,0,0,0,0,0,0,0,0,1,0,1,1,0,0,0,0,1,0,1,0,0,0,0,1,0,1,0,0,0,0,0
sample_176,sample_176,2,1,0,1,0,1,0,0,1,2,2,0,1,1,0,1,1,0,2,1,2,1,0,0,2,0,0,1,0,0,1,0,1,0,1,0,0,0,1,0,0,0,1,0,0,1,0,1,1,0,0,0,0,2,1,0,1,0,0,0,1,1,1,1,0,0,0,1,0,2,0,0,0,0,0,1,2,1,0,0,1,1,1,2,0,0,0,2,0,2,2,1,1,1,1,0,0,0,1,0,0,0,0,0,1,0,0,0,0,1,1,0,0,1,0,0,0,0,1,2,1,0,0,1,0,1,2,1,1,2,0,1,1,0,1,1,2,1,2,0,0,1,0,1,2,0,0,0,1,0,0,0,1,0,0,0,1,1,1,0,0,0,1,0,1,1,2,0,1,1,0,0,1,0,0,1,0,0,1,1,1,1,0,0,1,2,1,0,0,0,0,0,0,1,0,0,0,0,0,0
sample_177,sample_177,1,1,0,0,0,2,0,1,0,2,1,1,0,1,0,0,0,0,1,1,2,0,1,2,2,2,1,1,0,1,2,0,1,1,0,1,0,0,2,0,0,0,0,0,0,2,1,1,2,0,1,1,0,1,2,0,0,1,0,0,0,1,0,2,2,1,2,1,0,1,0,1,0,1,1,0,0,1,0,1,1,2,1,2,0,0,0,0,1,1,0,2,2,1,0,0,0,1,0,0,1,1,0,0,0,0,1,2,1,1,0,0,0,1,0,0,0,0,0,0,0,0,0,2,0,0,0,0,1,1,0,1,1,0,1,1,0,0,1,0,0,1,0,2,0,0,1,0,0,0,0,0,1,2,0,0,2,0,0,2,1,0,0,0,2,0,2,0,1,0,0,0,0,0,0,0,2,0,1,0,2,0,1,0,1,2,1,0,0,1,1,0,0,0,0,0,0,0,0,0
sample_178,sample_178,2,1,1,0,0,1,2,1,1,2,1,1,2,1,1,0,1,1,1,1,1,1,0,0,0,1,0,1,1,0,0,0,1,1,0,1,0,0,1,0,1,0,1,0,1,2,0,0,1,0,0,1,0,1,0,1,1,0,0,0,0,1,0,0,1,0,1,0,0,2,0,1,1,1,0,0,1,1,1,1,0,1,0,1,0,1,0,0,1,1,1,0,1,0,0,1,0,0,1,0,0,0,0,0,0,0,0,0,0,0,2,0,1,0,0,0,0,0,0,1,1,1,0,0,1,1,1,0,1,1,0,1,1,0,0,1,2,1,0,0,0,1,0,0,0,0,0,1,0,1,1,0,0,2,0,2,0,1,1,0,1,0,0,0,0,1,1,0,0,0,0,2,0,0,0,1,2,0,0,1,1,1,1,2,1,2,1,0,1,2,0,0,2,0,1,0,0,0,0,1
sample_179,sample_179,1,0,1,0,0,2,0,1,1,2,1,0,0,2,1,0,1,0,1,1,1,2,0,1,0,0,1,1,0,1,1,0,1,0,2,1,1,0,1,0,2,0,0,1,0,1,0,0,0,0,0,0,0,0,1,2,1,1,0,0,0,1,0,1,1,1,0,0,0,2,1,1,0,0,1,0,0,0,0,1,1,0,0,0,0,0,0,0,0,2,1,1,0,0,0,0,0,1,0,1,2,0,0,0,0,0,0,1,0,0,2,0,0,1,0,0,1,0,1,2,1,0,0,0,1,0,0,2,0,2,0,1,1,0,1,1,1,0,0,0,1,0,1,1,0,0,0,0,2,0,1,0,1,1,0,0,0,1,0,0,0,0,0,0,0,1,1,0,0,0,0,1,0,1,0,1,1,0,0,0,0,0,2,0,1,2,1,0,1,0,0,0,0,0,1,0,0,0,2,0
sample_180,sample_180,0,1,1,0,0,1,0,1,0,2,0,0,0,0,0,1,2,0,1,0,0,1,0,1,1,1,0,0,0,0,0,0,0,0,1,0,0,0,2,1,1,1,0,0,0,0,1,0,1,0,1,0,0,0,1,1,1,1,1,1,0,0,0,2,0,2,0,1,2,2,0,0,0,0,0,0,0,2,0,1,0,1,0,1,0,0,0,0,0,0,1,1,0,0,1,0,2,0,0,1,0,1,1,0,0,0,1,1,0,0,1,2,1,0,0,0,1,0,0,1,0,0,0,2,0,0,1,0,1,1,1,1,0,0,1,1,0,0,1,0,0,0,0,0,1,1,0,1,1,1,0,1,2,1,0,1,1,1,1,0,1,0,0,0,0,0,0,0,0,0,0,0,0,0,0,0,1,0,1,0,0,0,1,0,0,2,1,0,0,2,0,0,0,0,0,0,0,0,0,2
sample_181,sample_181,0,1,1,0,0,2,0,1,0,0,0,0,0,0,1,0,0,1,0,2,2,1,1,2,0,1,0,2,0,1,2,0,1,1,1,1,0,2,0,1,0,0,0,2,0,1,1,0,1,0,1,0,1,1,0,0,0,0,0,1,0,1,2,1,1,2,1,1,0,1,0,0,1,0,0,0,0,0,0,0,0,2,1,1,0,0,0,1,1,0,1,1,0,0,1,1,2,0,1,1,1,0,2,0,1,0,0,1,0,0,0,1,1,1,0,0,0,0,1,1,1,0,2,1,1,0,0,0,0,0,0,1,1,0,1,1,1,0,1,0,0,0,1,0,1,0,0,0,0,0,0,0,0,1,0,0,1,0,0,0,0,0,0,0,1,0,0,0,1,0,0,1,0,0,0,0,1,1,1,0,0,0,1,0,0,0,1,0,2,1,1,0,0,1,0,0,0,0,0,0
sample_182,sample_182,1,2,0,1,0,1,0,1,0,0,0,0,0,0,0,0,1,1,0,2,1,0,0,1,0,1,1,1,1,2,0,1,1,1,0,0,1,0,1,0,1,0,0,1,0,0,0,0,2,0,2,1,0,1,1,0,1,1,0,1,0,1,0,1,1,1,1,1,0,2,0,0,0,0,2,0,1,1,0,0,1,0,0,2,0,0,0,0,1,0,1,1,0,0,1,0,1,1,0,1,1,2,0,1,0,0,0,1,0,2,1,0,0,1,0,0,0,0,0,1,1,0,0,0,2,0,1,0,1,0,0,0,0,1,2,0,1,0,2,0,0,0,0,0,1,0,0,1,2,1,2,0,0,2,1,0,1,0,1,0,0,0,0,0,1,0,0,1,1,0,0,1,0,1,0,0,0,0,1,0,0,0,1,0,1,0,1,0,1,1,0,0,1,0,1,0,0,0,2,1
sample_183,sample_183,0,0,1,2,0,0,0,0,1,0,0,0,0,0,0,1,1,1,1,0,0,0,0,1,1,1,0,1,1,1,0,0,2,1,1,0,0,0,1,0,1,0,0,1,1,0,0,0,1,0,1,1,1,1,0,0,0,0,0,1,0,1,1,2,1,0,1,1,0,2,0,1,0,0,0,1,0,1,0,0,0,0,1,1,0,1,0,2,0,2,0,1,0,0,1,0,1,0,0,0,0,0,0,0,0,0,0,0,0,0,0,1,0,1,0,0,0,1,0,0,0,0,0,1,0,0,1,1,1,1,0,0,1,0,2,2,2,1,0,0,0,2,0,0,1,0,0,0,0,1,2,1,1,0,0,2,1,0,0,1,1,0,0,0,0,0,0,0,1,0,0,1,0,0,1,0,0,1,2,0,1,0,0,1,0,1,0,0,0,0,0,1,0,0,0,0,2,0,0,2
sample_184,sample_184,0,0,1,0,0,2,1,1,1,2,0,0,1,2,1,0,1,1,0,1,2,0,0,1,0,1,1,0,0,0,0,0,0,1,1,0,0,0,0,0,0,0,1,1,1,1,0,0,0,0,1,2,0,0,0,1,1,1,0,1,1,1,0,2,1,1,0,1,0,2,0,0,1,0,1,1,0,0,1,1,1,1,0,0,1,0,0,1,0,0,1,0,2,0,1,0,1,0,0,0,1,0,1,1,1,1,0,1,0,0,1,0,1,1,1,0,0,0,1,0,0,0,0,0,1,0,1,1,2,1,0,1,2,0,1,1,1,0,1,1,1,0,0,0,0,0,0,0,1,1,0,0,1,1,0,2,0,0,0,1,0,0,1,0,2,2,1,1,0,0,0,1,0,0,0,0,1,0,2,0,0,0,1,1,0,2,0,1,1,0,1,1,1,0,0,0,0,1,0,1
sample_185,sample_185,0,1,0,1,0,1,0,2,0,1,1,0,1,0,0,0,0,0,0,1,1,0,0,1,0,1,1,1,1,2,0,0,0,1,1,0,0,1,1,0,1,0,0,0,0,0,0,0,1,1,0,1,1,0,1,0,1,2,0,0,1,0,0,1,1,1,0,0,2,0,0,1,2,0,1,1,0,1,1,0,1,1,0,1,1,1,0,1,1,1,0,1,0,0,0,0,0,0,0,0,0,1,1,0,0,0,0,0,0,2,0,1,1,2,1,1,1,1,1,0,0,0,0,0,1,2,1,0,0,2,0,1,1,0,1,0,0,0,1,0,0,1,0,2,0,0,0,0,0,1,0,1,0,2,0,0,2,0,1,0,1,0,0,0,0,1,0,0,2,0,0,1,0,0,0,0,0,0,0,0,0,1,2,0,0,1,0,0,0,1,1,0,1,1,1,0,1,0,0,0
sample_186,sample_186,0,2,0,0,0,2,0,1,0,1,1,1,0,0,1,2,1,0,1,0,2,0,0,2,0,0,1,1,0,1,1,0,0,0,1,0,0,1,2,0,2,0,1,0,0,0,1,0,1,0,1,0,0,0,1,2,1,1,0,1,0,0,1,0,0,0,0,1,1,2,0,2,1,0,0,0,0,0,0,1,2,1,0,2,0,0,0,2,0,1,2,1,1,0,0,0,0,1,1,1,1,2,0,1,1,0,0,1,0,2,0,2,0,2,0,0,0,0,1,1,0,0,0,1,0,1,0,1,1,2,0,1,1,0,0,1,0,0,1,0,1,0,0,0,1,0,0,1,1,0,1,0,0,0,0,1,1,0,1,1,1,1,0,0,2,1,1,0,1,1,0,1,0,0,0,0,2,0,1,1,0,0,0,0,0,0,0,0,0,2,1,0,0,2,0,1,0,0,0,1
sample_187,sample_187,1,2,1,1,0,1,0,1,0,0,1,0,1,0,1,0,0,1,0,0,0,2,0,0,1,0,1,0,0,0,0,0,1,0,0,0,0,1,0,2,2,0,0,0,0,1,1,0,1,0,0,0,0,0,1,2,1,0,0,1,1,1,1,0,1,0,0,1,0,2,1,0,0,0,1,1,1,1,0,1,1,1,0,1,0,0,0,1,0,1,1,2,0,0,0,1,0,0,0,0,1,1,0,0,0,0,0,1,0,0,1,0,1,1,0,0,0,0,0,1,0,0,1,0,1,1,1,2,1,1,0,1,2,0,0,1,0,0,0,0,2,2,1,1,1,0,0,1,1,0,0,0,0,0,2,1,1,1,1,0,0,0,0,0,1,1,1,0,0,0,0,1,0,0,0,0,1,0,0,1,0,0,0,0,0,1,1,1,1,0,1,0,1,0,0,2,0,1,0,0
sample_188,sample_188,1,0,1,1,1,1,0,2,0,1,0,0,0,1,1,0,1,0,1,1,0,0,1,0,0,0,1,0,0,0,0,0,0,2,1,1,0,0,2,1,0,0,1,0,0,1,0,0,0,0,0,0,1,1,0,0,1,0,0,1,0,2,0,1,1,1,0,1,0,0,1,1,0,0,1,1,2,1,1,2,0,1,0,0,0,0,0,0,0,2,1,0,1,0,1,0,0,1,0,1,0,1,2,1,0,0,0,0,0,1,0,0,0,1,0,0,2,0,2,1,2,0,0,0,1,0,0,1,1,1,0,1,0,0,0,2,1,0,2,1,1,1,2,0,1,0,0,0,1,0,0,0,1,1,0,0,0,1,0,0,2,0,0,0,0,0,0,0,0,0,0,1,0,0,0,0,0,0,0,1,1,0,0,1,0,1,0,0,0,1,0,1,0,1,0,0,0,0,0,0
sample_189,sample_189,0,0,0,0,0,0,0,1,0,1,0,0,1,1,0,0,2,0,0,0,1,0,0,2,0,1,1,2,0,1,1,0,1,0,1,0,0,0,1,0,0,0,0,0,0,2,0,0,0,0,1,0,0,1,0,1,1,0,0,1,0,2,0,1,1,2,0,1,0,0,0,0,0,1,0,0,1,1,0,1,0,1,0,1,1,0,0,0,0,1,1,0,0,0,0,0,1,1,0,1,2,1,0,0,1,0,0,0,0,2,1,1,0,0,0,0,0,1,0,2,0,1,0,1,1,0,0,1,0,0,0,1,0,0,1,1,0,0,0,0,0,1,1,1,1,0,0,2,1,1,1,1,0,1,0,1,0,0,1,0,1,1,1,0,0,1,0,0,0,1,0,1,0,1,0,1,1,0,0,0,2,1,0,0,1,1,1,0,0,1,0,0,0,0,0,0,1,0,1,1
sample_190,sample_190,1,0,0,1,0,2,0,1,0,1,2,1,0,0,1,0,2,0,1,1,0,0,0,0,0,1,1,1,0,2,1,0,0,2,1,0,0,1,0,0,2,0,0,0,1,1,0,0,1,1,1,1,0,0,0,1,0,0,0,0,0,1,0,1,0,0,1,1,1,1,0,1,1,0,0,0,0,1,0,0,0,2,0,1,0,0,0,0,0,1,1,0,1,0,0,0,1,2,1,1,0,1,0,0,0,1,0,1,0,0,0,2,0,1,1,0,0,0,1,0,0,0,0,1,1,0,2,0,2,2,0,0,2,0,0,1,0,0,0,1,0,1,1,2,1,0,0,0,1,0,1,1,0,1,0,1,1,0,1,0,0,0,0,0,1,1,1,0,0,0,0,1,0,0,0,1,0,1,2,0,0,1,0,0,1,1,0,0,0,0,0,0,0,1,0,0,1,0,0,0
sample_191,sample_191,0,1,0,0,0,1,0,1,0,1,0,0,1,1,1,0,1,0,2,0,2,0,1,1,0,1,0,2,0,0,0,0,0,0,1,0,0,1,1,2,1,0,0,0,0,1,0,0,0,0,2,1,1,0,1,1,2,0,0,0,0,1,0,1,2,1,0,2,0,2,0,0,1,1,1,1,0,1,0,0,0,0,0,1,0,1,1,1,0,1,1,1,1,0,0,0,0,0,1,0,1,2,1,0,1,0,0,0,0,0,1,1,0,2,1,0,2,1,0,1,1,2,1,1,0,0,1,0,0,0,0,1,1,0,1,2,0,0,0,0,1,0,0,0,1,1,0,0,0,0,1,0,0,1,0,1,1,1,0,0,2,1,0,0,1,0,2,0,1,1,0,1,0,0,1,0,2,1,2,0,1,0,1,0,2,1,2,1,1,0,0,1,0,1,1,0,0,0,0,1
sample_192,sample_192,2,0,1,1,0,2,1,1,0,0,1,1,0,0,1,0,1,0,0,2,1,0,0,1,0,1,0,1,0,0,0,0,0,1,1,1,0,0,0,1,1,0,0,0,1,1,0,1,1,0,0,1,0,0,0,0,0,1,0,1,1,0,0,0,2,0,0,2,0,2,0,2,1,0,0,0,1,1,0,0,0,2,0,1,0,1,0,1,0,0,0,1,0,0,0,0,1,1,0,0,0,2,1,0,0,0,1,1,0,0,0,1,1,2,1,0,0,0,0,0,0,1,0,0,1,1,1,0,0,1,0,1,1,0,0,2,0,1,1,0,0,0,1,1,1,1,0,1,1,0,1,0,1,2,0,0,0,0,1,0,1,1,0,0,0,1,1,0,1,0,0,1,0,1,0,0,1,0,0,1,2,0,1,0,0,0,0,1,1,0,1,0,1,1,1,0,0,0,0,1
sample_193,sample_193,0,1,1,0,0,1,0,2,0,1,2,0,1,1,0,1,1,2,0,1,1,1,0,0,0,1,1,2,1,0,1,0,2,1,0,1,0,1,1,0,1,0,1,1,0,0,0,0,0,0,0,0,0,0,1,1,0,1,0,1,1,1,0,1,0,0,0,0,0,1,1,0,1,0,0,1,0,0,0,1,2,1,0,0,0,1,0,1,1,0,2,2,0,0,0,0,1,0,0,2,0,1,0,0,1,1,0,1,0,0,0,1,2,1,0,0,0,0,2,1,0,0,0,0,0,0,0,1,0,1,0,1,1,0,2,1,0,1,1,0,0,0,0,1,0,0,0,0,1,2,0,0,0,1,0,1,1,0,0,0,0,0,0,0,0,1,2,2,1,0,0,2,0,0,0,0,0,0,1,0,1,1,1,1,0,1,1,0,1,0,0,0,0,1,0,1,1,1,0,0
sample_194,sample_194,1,0,2,0,0,1,0,2,1,2,0,1,0,1,1,0,1,0,0,1,1,0,2,1,0,1,0,0,0,0,2,0,0,2,0,0,0,0,1,1,2,0,0,0,1,1,1,0,1,0,0,1,0,1,0,0,0,0,0,1,0,0,0,1,2,1,0,1,1,1,0,1,1,0,1,1,1,1,0,1,0,0,0,1,0,0,0,1,1,1,2,0,1,0,1,1,1,0,1,0,1,1,1,0,1,0,0,2,0,0,1,0,1,1,0,1,1,0,1,1,1,1,1,0,0,1,0,0,0,1,0,1,1,0,0,0,0,0,0,0,0,1,1,1,1,0,1,1,1,1,1,0,1,0,0,0,2,0,1,0,0,0,0,0,0,1,1,0,0,1,0,2,0,0,0,1,1,0,1,0,1,0,0,0,0,1,0,0,1,0,0,0,0,2,0,1,0,0,0,1
sample_195,sample_195,1,0,2,0,0,0,0,2,0,0,0,1,0,1,0,0,1,1,2,1,1,0,0,0,0,0,0,1,0,0,2,0,0,0,1,0,0,0,0,0,1,1,1,1,2,1,0,0,2,0,2,0,1,0,2,0,0,0,0,1,0,2,0,1,0,1,1,0,1,1,1,1,0,0,0,0,1,2,0,1,0,1,0,0,0,1,0,0,0,0,1,1,0,0,1,0,0,0,2,1,0,2,0,1,1,0,0,1,0,1,0,0,1,0,2,0,0,2,1,0,1,0,0,0,1,0,1,2,1,0,0,2,2,0,1,1,0,1,1,0,0,0,0,1,0,0,0,0,1,1,1,1,0,1,0,1,1,2,1,0,1,0,0,0,0,1,1,0,1,1,0,0,0,0,1,1,0,0,0,0,0,0,1,0,1,1,1,0,0,0,0,1,1,1,0,0,0,0,1,1
sample_196,sample_196,1,0,0,0,0,1,1,0,0,0,1,0,2,0,1,0,0,1,2,1,2,1,1,2,1,1,1,0,1,0,0,0,2,1,1,1,0,2,0,0,0,0,0,0,1,0,0,0,1,0,1,0,1,0,0,1,2,0,0,1,0,0,1,0,1,1,0,1,1,1,0,1,0,1,2,1,1,0,0,0,0,1,1,1,0,0,0,1,1,1,2,0,1,0,0,0,0,1,0,1,2,1,0,0,0,0,0,2,0,1,0,1,0,0,0,1,1,0,0,1,0,2,0,2,2,0,1,1,1,1,0,0,1,0,2,1,0,0,1,0,1,0,0,0,0,0,0,0,0,1,1,0,0,0,0,1,2,1,0,0,1,0,1,0,1,0,0,0,0,0,0,1,0,0,0,0,0,0,2,2,1,0,1,0,1,2,0,0,0,1,0,0,0,2,1,0,0,0,0,0
sample_197,sample_197,1,0,1,1,0,2,0,0,2,0,2,0,0,0,0,0,2,0,0,0,1,0,1,1,0,0,2,1,1,1,0,0,0,1,1,0,0,0,0,0,1,0,0,0,0,1,0,0,1,0,1,0,0,0,0,0,0,1,0,1,2,0,1,0,1,1,1,1,1,2,0,1,0,0,2,1,0,1,0,0,0,1,0,1,1,0,0,0,1,0,2,1,1,0,0,0,0,0,0,0,1,1,0,0,0,0,0,0,0,1,1,2,0,1,1,1,0,0,0,0,1,1,0,2,1,1,1,1,0,0,1,1,2,0,1,0,0,0,0,0,0,1,0,0,1,1,0,1,1,2,1,0,0,0,0,0,0,0,1,0,1,1,0,0,0,2,0,0,1,0,0,0,1,0,0,0,2,0,1,1,0,0,1,0,1,2,0,0,1,0,0,0,1,1,0,0,1,0,0,1
sample_198,sample_198,2,0,0,0,1,0,0,1,1,1,2,0,1,1,1,1,2,0,0,0,0,0,0,1,1,0,0,0,1,1,0,0,0,1,1,0,1,0,2,0,0,0,1,0,0,0,0,0,1,0,1,1,2,0,1,1,1,0,0,2,0,1,0,0,1,2,0,0,0,2,0,1,0,0,0,2,1,0,0,0,0,2,1,0,1,1,0,1,2,2,0,0,0,0,0,0,0,0,1,0,1,1,0,0,1,0,0,0,0,0,0,1,0,0,0,0,1,0,1,0,0,0,1,0,2,0,0,1,0,0,0,1,2,0,1,2,0,0,2,0,1,0,1,0,1,0,0,0,2,1,1,0,0,0,1,1,1,1,0,1,2,1,1,0,1,0,0,1,1,0,0,2,0,0,1,0,1,0,1,0,0,0,1,1,0,1,0,0,1,0,0,0,1,1,0,0,0,1,0,0
sample_199,sample_199,1,0,0,0,0,1,2,2,0,1,0,0,0,0,1,0,2,0,1,1,1,1,1,2,0,2,1,0,0,0,1,0,0,1,1,0,0,0,0,0,2,0,1,0,1,0,0,0,1,0,2,0,0,1,0,0,1,0,0,1,0,1,0,0,0,0,0,1,0,1,0,0,0,1,2,1,2,1,0,0,0,2,1,1,0,0,1,0,2,1,1,1,0,0,0,0,1,0,0,1,1,2,1,0,0,0,0,1,0,1,0,1,1,0,0,1,0,2,0,1,1,2,0,2,2,1,0,0,0,2,0,2,0,0,1,1,0,0,0,0,0,0,2,1,0,0,0,1,1,1,1,0,1,1,0,0,0,0,1,0,0,0,0,0,1,1,0,0,1,0,0,1,0,0,0,0,1,0,1,0,2,0,2,0,1,0,1,1,0,1,1,1,0,2,0,1,0,0,0,0
sample_200,sample_200,0,1,0,1,0,2,2,0,0,1,2,0,0,0,1,1,0,0,1,0,1,0,1,0,0,0,0,1,1,0,0,0,1,0,0,0,0,2,1,0,1,0,0,1,0,1,0,0,1,0,1,2,1,1,1,0,2,0,0,2,1,0,0,1,2,0,0,0,1,1,0,1,0,0,1,0,0,0,0,1,0,0,0,1,0,0,0,1,0,1,2,0,1,0,0,0,0,1,0,1,0,2,0,0,1,0,1,0,1,0,0,1,0,2,0,0,0,0,0,1,1,0,0,2,0,1,0,1,0,2,1,1,1,0,1,0,0,0,1,0,0,0,1,0,0,0,0,1,1,1,2,0,0,1,0,1,0,0,0,0,1,0,0,0,1,2,0,0,0,0,0,1,0,1,0,0,1,1,2,0,0,1,0,1,0,1,1,0,0,2,0,1,0,1,0,0,0,0,0,1
